,21C2,221E,2240,225D,2266,2289,2329,2396
2023-05-01 00:00:00,63.8,55.6,56.3,56.3,55.0,45.5,47.0,50.0
2023-05-01 00:01:00,63.8,56.2,54.5,55.0,53.0,46.0,47.0,53.5
2023-05-01 00:02:00,63.7,55.8,55.7,56.7,55.0,46.5,47.0,52.0
2023-05-01 00:03:00,63.8,56.5,55.8,56.0,50.5,45.5,47.0,54.5
2023-05-01 00:04:00,64.0,56.0,55.7,56.0,48.0,47.0,47.0,55.5
2023-05-01 00:05:00,63.7,56.8,57.3,56.8,50.0,47.0,47.0,50.3
2023-05-01 00:06:00,64.0,56.0,56.8,55.8,50.0,47.0,47.0,47.5
2023-05-01 00:07:00,63.0,56.8,58.0,58.0,50.5,47.0,44.0,54.3
2023-05-01 00:08:00,63.7,55.7,57.0,56.4,49.7,46.0,45.0,51.6
2023-05-01 00:09:00,63.5,55.3,57.3,55.8,50.0,46.0,45.0,52.2
2023-05-01 00:10:00,63.3,55.7,56.0,54.6,49.0,46.0,45.2,54.2
2023-05-01 00:11:00,64.3,56.0,59.0,55.2,48.7,46.0,44.8,52.2
2023-05-01 00:12:00,63.0,56.5,57.0,55.8,50.3,46.0,44.5,54.0
2023-05-01 00:13:00,63.7,55.2,55.7,53.0,48.5,46.0,44.2,52.2
2023-05-01 00:14:00,63.3,55.0,56.0,52.5,50.0,46.0,44.5,51.3
2023-05-01 00:15:00,63.5,54.0,58.3,56.0,47.5,46.0,45.0,50.5
2023-05-01 00:16:00,63.2,57.0,57.2,55.3,48.5,46.0,44.3,53.0
2023-05-01 00:17:00,63.8,52.5,55.5,55.7,48.0,48.5,44.7,56.0
2023-05-01 00:18:00,63.0,55.0,54.5,56.0,49.0,48.5,45.0,50.0
2023-05-01 00:19:00,63.4,54.7,56.5,54.0,47.5,46.5,45.3,48.0
2023-05-01 00:20:00,62.6,55.8,56.3,52.0,47.0,48.0,45.0,55.0
2023-05-01 00:21:00,63.0,53.3,55.0,55.5,48.5,46.0,46.0,54.2
2023-05-01 00:22:00,63.0,54.3,55.0,55.0,49.0,47.5,44.7,55.2
2023-05-01 00:23:00,63.0,56.4,57.0,58.0,49.0,51.0,45.3,54.2
2023-05-01 00:24:00,62.6,53.8,55.0,55.0,51.7,52.0,45.5,52.5
2023-05-01 00:25:00,63.0,53.0,56.0,55.5,50.8,45.0,46.2,56.0
2023-05-01 00:26:00,63.3,53.6,61.0,53.0,49.2,45.0,45.2,52.3
2023-05-01 00:27:00,62.5,52.6,56.0,55.0,50.2,47.0,44.0,54.7
2023-05-01 00:28:00,62.5,54.2,58.0,57.0,49.8,47.5,45.0,53.0
2023-05-01 00:29:00,62.5,54.4,58.5,55.8,50.0,46.0,50.0,51.0
2023-05-01 00:30:00,63.3,52.2,56.0,56.5,49.8,47.0,48.0,57.0
2023-05-01 00:31:00,63.0,52.7,53.8,56.0,51.3,47.5,46.0,51.0
2023-05-01 00:32:00,63.0,50.7,52.8,55.3,49.3,46.5,48.0,50.0
2023-05-01 00:33:00,62.7,53.5,56.0,55.7,50.2,46.7,46.0,51.5
2023-05-01 00:34:00,62.5,53.0,52.8,57.0,49.0,48.0,45.0,50.0
2023-05-01 00:35:00,61.7,50.0,55.2,56.5,48.8,48.3,45.0,46.0
2023-05-01 00:36:00,63.0,50.0,54.5,57.0,47.5,47.0,45.0,52.0
2023-05-01 00:37:00,62.5,50.5,54.2,55.5,49.0,46.5,44.0,54.3
2023-05-01 00:38:00,62.5,52.0,58.0,55.7,48.3,46.5,44.0,50.5
2023-05-01 00:39:00,62.5,49.0,55.8,56.5,49.0,47.0,45.0,50.8
2023-05-01 00:40:00,62.5,52.5,56.0,55.0,48.0,47.0,45.0,51.4
2023-05-01 00:41:00,62.0,53.0,56.5,56.0,49.5,46.7,44.0,52.6
2023-05-01 00:42:00,62.0,54.0,54.5,57.0,48.0,46.3,45.0,50.6
2023-05-01 00:43:00,62.0,51.0,53.8,56.7,50.5,46.3,44.5,52.2
2023-05-01 00:44:00,62.3,55.0,54.8,56.7,51.3,47.0,45.0,52.2
2023-05-01 00:45:00,62.5,53.0,53.7,53.3,52.7,46.5,44.0,51.2
2023-05-01 00:46:00,62.0,54.5,55.0,56.5,51.0,46.5,44.0,50.8
2023-05-01 00:47:00,62.0,56.0,53.5,53.3,52.7,46.5,44.0,54.2
2023-05-01 00:48:00,62.0,56.0,53.7,54.5,51.0,46.0,44.0,54.3
2023-05-01 00:49:00,61.7,55.0,58.0,55.3,50.0,46.5,44.5,52.7
2023-05-01 00:50:00,61.7,56.0,58.0,51.5,51.6,46.5,44.5,56.7
2023-05-01 00:51:00,62.5,57.5,58.0,52.3,50.5,46.0,44.5,51.5
2023-05-01 00:52:00,62.0,55.3,59.0,53.5,52.0,46.0,45.0,54.5
2023-05-01 00:53:00,62.5,53.7,59.0,55.5,51.0,46.0,44.5,54.5
2023-05-01 00:54:00,62.0,52.7,59.0,54.2,51.8,46.3,45.0,53.5
2023-05-01 00:55:00,61.3,53.7,59.0,55.0,49.7,46.3,44.5,52.7
2023-05-01 00:56:00,62.0,53.0,59.0,52.3,49.3,46.7,45.0,53.3
2023-05-01 00:57:00,61.3,52.3,57.0,51.7,49.0,46.2,45.0,52.5
2023-05-01 00:58:00,61.3,50.3,57.0,53.2,48.5,47.0,44.0,53.5
2023-05-01 00:59:00,61.3,52.2,51.0,52.0,48.0,47.6,45.0,49.0
2023-05-01 01:00:00,61.0,52.3,54.5,55.0,47.7,46.5,44.0,61.0
2023-05-01 01:01:00,61.0,52.6,57.0,54.0,48.8,47.6,44.0,55.0
2023-05-01 01:02:00,61.0,52.0,54.5,54.0,48.3,46.2,44.5,53.0
2023-05-01 01:03:00,61.0,53.7,54.0,54.5,48.6,47.0,44.0,53.5
2023-05-01 01:04:00,61.0,55.7,59.0,55.0,48.6,46.3,44.3,52.0
2023-05-01 01:05:00,62.5,53.0,54.5,54.3,49.4,47.2,44.3,46.0
2023-05-01 01:06:00,62.5,53.7,57.3,56.0,48.4,48.3,44.7,49.0
2023-05-01 01:07:00,62.5,56.7,56.0,54.8,49.0,47.0,44.7,50.5
2023-05-01 01:08:00,62.5,52.0,53.5,55.0,49.4,47.5,45.5,49.8
2023-05-01 01:09:00,63.0,52.7,54.0,52.8,48.3,46.2,44.7,50.0
2023-05-01 01:10:00,63.0,54.0,52.0,51.5,48.7,47.0,44.3,51.2
2023-05-01 01:11:00,63.5,49.0,55.0,55.7,48.2,46.2,44.7,51.8
2023-05-01 01:12:00,63.5,54.0,57.5,59.3,48.5,46.5,44.3,48.2
2023-05-01 01:13:00,63.5,50.3,56.0,52.7,50.0,46.0,45.0,49.2
2023-05-01 01:14:00,63.0,50.3,55.2,54.5,49.6,46.0,44.5,50.4
2023-05-01 01:15:00,66.0,50.7,56.0,54.6,49.5,46.5,45.7,50.0
2023-05-01 01:16:00,61.5,51.0,55.5,53.4,48.8,46.5,45.3,51.4
2023-05-01 01:17:00,62.5,52.2,54.8,53.5,50.0,46.5,44.5,51.6
2023-05-01 01:18:00,62.0,52.8,53.0,56.0,49.0,46.5,44.2,50.7
2023-05-01 01:19:00,61.5,51.8,56.7,54.0,50.7,46.0,45.2,50.0
2023-05-01 01:20:00,61.0,51.2,55.3,54.8,49.0,46.0,44.8,53.0
2023-05-01 01:21:00,61.0,51.4,57.3,55.6,51.0,46.0,44.8,52.3
2023-05-01 01:22:00,61.0,53.2,55.5,53.7,49.0,47.0,44.8,50.6
2023-05-01 01:23:00,63.5,54.0,58.7,54.2,50.0,46.7,45.0,49.8
2023-05-01 01:24:00,61.3,52.8,59.0,53.5,48.2,46.7,45.3,50.6
2023-05-01 01:25:00,62.0,52.0,55.3,54.3,48.2,46.7,44.3,51.6
2023-05-01 01:26:00,63.0,53.0,53.3,55.0,48.4,45.7,46.3,50.8
2023-05-01 01:27:00,63.0,54.3,54.3,55.7,48.6,46.5,45.7,51.5
2023-05-01 01:28:00,61.0,58.0,57.3,53.5,48.6,47.3,44.0,49.8
2023-05-01 01:29:00,63.0,55.5,55.2,54.3,48.0,46.5,46.0,54.0
2023-05-01 01:30:00,63.0,54.5,55.8,54.7,48.6,46.5,45.5,53.3
2023-05-01 01:31:00,62.0,54.0,54.3,54.0,47.8,46.4,46.5,51.3
2023-05-01 01:32:00,63.5,56.5,50.0,51.8,47.2,46.0,45.7,51.7
2023-05-01 01:33:00,62.5,54.5,54.5,52.5,52.0,46.3,44.7,50.7
2023-05-01 01:34:00,63.5,54.5,52.5,51.8,47.5,46.3,45.0,49.3
2023-05-01 01:35:00,61.7,53.0,49.0,52.4,48.2,46.7,45.0,51.3
2023-05-01 01:36:00,60.2,52.0,53.0,51.2,50.2,46.3,44.5,51.5
2023-05-01 01:37:00,61.0,51.5,51.0,51.8,48.8,46.5,44.5,50.5
2023-05-01 01:38:00,60.6,52.5,56.0,53.0,48.2,46.0,44.0,50.5
2023-05-01 01:39:00,60.4,51.7,53.0,53.4,48.8,46.5,44.0,50.5
2023-05-01 01:40:00,60.7,50.7,56.0,54.0,49.2,46.5,44.5,53.5
2023-05-01 01:41:00,60.7,52.0,58.0,52.8,49.0,46.5,44.0,53.0
2023-05-01 01:42:00,60.0,49.5,55.0,53.2,48.5,46.5,44.5,49.2
2023-05-01 01:43:00,59.4,49.0,51.0,52.5,47.8,46.5,44.5,51.0
2023-05-01 01:44:00,59.5,49.0,54.0,53.8,47.0,46.0,44.5,53.0
2023-05-01 01:45:00,59.0,54.0,54.0,54.2,48.5,46.0,44.5,50.2
2023-05-01 01:46:00,61.0,51.0,52.0,53.0,48.2,46.0,45.0,50.0
2023-05-01 01:47:00,61.5,52.0,55.0,53.2,47.0,46.0,44.0,51.0
2023-05-01 01:48:00,61.5,50.5,53.0,54.0,47.0,46.0,44.0,49.0
2023-05-01 01:49:00,63.0,48.5,47.0,53.5,47.7,46.0,44.0,52.0
2023-05-01 01:50:00,63.0,50.0,56.0,53.0,48.7,46.0,44.0,51.5
2023-05-01 01:51:00,63.0,51.4,56.0,52.0,47.0,46.0,45.0,51.8
2023-05-01 01:52:00,63.0,52.2,54.0,52.0,46.3,46.0,45.0,50.8
2023-05-01 01:53:00,63.0,53.0,54.0,51.5,48.5,47.0,45.0,49.2
2023-05-01 01:54:00,62.0,53.0,54.0,50.8,47.5,46.0,45.0,52.2
2023-05-01 01:55:00,62.0,52.0,53.7,51.0,48.2,47.0,44.5,48.7
2023-05-01 01:56:00,60.0,51.2,56.0,52.8,48.6,47.0,44.5,49.0
2023-05-01 01:57:00,60.0,52.7,56.5,52.2,49.0,46.0,44.5,49.7
2023-05-01 01:58:00,60.5,51.3,53.7,51.7,50.0,47.0,45.5,49.0
2023-05-01 01:59:00,61.0,50.8,52.3,51.2,48.8,46.0,44.5,54.3
2023-05-01 02:00:00,61.0,52.0,53.0,53.3,48.6,47.0,45.5,49.7
2023-05-01 02:01:00,58.7,49.8,53.0,51.0,48.8,46.0,45.0,50.2
2023-05-01 02:02:00,59.5,48.5,55.7,54.0,49.0,46.0,44.7,51.2
2023-05-01 02:03:00,59.5,52.5,54.8,55.1,49.8,46.0,45.3,52.5
2023-05-01 02:04:00,59.8,52.0,55.5,52.8,50.0,46.0,44.3,49.7
2023-05-01 02:05:00,59.0,51.5,57.0,51.3,49.5,46.0,44.7,51.3
2023-05-01 02:06:00,57.2,51.3,54.2,53.3,50.0,46.0,44.3,55.3
2023-05-01 02:07:00,57.0,50.0,52.8,52.9,48.0,46.0,44.5,50.0
2023-05-01 02:08:00,57.0,48.7,55.0,52.0,50.0,47.0,44.5,47.3
2023-05-01 02:09:00,56.8,49.3,53.8,53.3,49.5,48.0,46.0,50.7
2023-05-01 02:10:00,56.8,50.3,55.0,55.2,48.8,45.5,44.5,50.2
2023-05-01 02:11:00,56.5,52.3,53.8,51.8,49.0,46.0,46.0,49.5
2023-05-01 02:12:00,56.5,52.3,52.5,53.2,49.7,47.0,45.0,50.5
2023-05-01 02:13:00,56.5,51.8,52.6,52.4,49.3,46.5,45.0,49.5
2023-05-01 02:14:00,56.8,51.5,51.0,52.4,52.0,46.5,45.0,48.5
2023-05-01 02:15:00,59.0,50.3,50.4,53.0,52.3,46.0,45.0,50.0
2023-05-01 02:16:00,58.7,51.0,50.0,51.0,52.0,46.0,44.0,49.2
2023-05-01 02:17:00,58.7,49.2,50.5,50.8,49.8,46.0,45.5,53.0
2023-05-01 02:18:00,58.7,50.8,48.8,51.8,51.8,46.0,44.0,52.0
2023-05-01 02:19:00,58.0,50.8,53.5,52.8,50.2,46.0,45.0,52.0
2023-05-01 02:20:00,58.0,52.2,51.0,55.8,50.8,46.0,44.0,48.8
2023-05-01 02:21:00,64.0,49.8,52.7,50.0,49.8,46.0,45.0,52.3
2023-05-01 02:22:00,61.0,50.2,53.8,50.0,49.7,46.0,44.0,51.7
2023-05-01 02:23:00,61.0,51.2,54.5,52.6,50.2,46.0,44.0,52.7
2023-05-01 02:24:00,61.0,50.5,54.5,53.2,50.2,46.0,45.0,50.3
2023-05-01 02:25:00,61.5,52.3,55.5,53.6,52.4,46.0,44.3,51.7
2023-05-01 02:26:00,57.7,50.8,54.2,53.2,50.8,46.0,44.7,47.3
2023-05-01 02:27:00,53.0,49.6,52.6,52.0,54.5,46.0,44.5,52.8
2023-05-01 02:28:00,56.3,49.4,54.6,54.7,51.0,46.0,45.3,51.5
2023-05-01 02:29:00,55.7,51.2,50.8,54.7,49.5,46.5,45.0,48.0
2023-05-01 02:30:00,56.8,50.6,53.2,51.3,50.5,46.0,44.7,53.0
2023-05-01 02:31:00,55.8,49.8,52.0,50.0,51.0,46.0,44.7,51.5
2023-05-01 02:32:00,53.8,50.5,52.7,49.0,52.2,46.0,44.0,49.5
2023-05-01 02:33:00,53.5,49.8,52.8,49.5,52.0,46.3,45.0,49.0
2023-05-01 02:34:00,55.0,48.3,51.6,56.0,50.8,45.7,44.0,50.7
2023-05-01 02:35:00,55.0,50.7,52.5,48.5,51.2,46.0,45.0,49.3
2023-05-01 02:36:00,56.0,49.0,52.2,52.3,51.2,45.8,44.3,51.7
2023-05-01 02:37:00,54.6,48.0,52.2,52.5,49.2,47.3,44.5,53.0
2023-05-01 02:38:00,54.6,49.3,52.7,50.2,49.7,46.0,44.5,49.7
2023-05-01 02:39:00,54.8,50.7,56.2,51.2,49.3,45.7,44.8,51.5
2023-05-01 02:40:00,53.2,51.7,56.2,52.2,48.8,45.7,45.5,54.3
2023-05-01 02:41:00,53.5,53.7,53.2,51.8,48.6,46.3,44.5,53.7
2023-05-01 02:42:00,56.2,53.3,54.0,53.0,49.8,46.0,44.8,54.7
2023-05-01 02:43:00,56.0,52.5,56.2,52.2,48.6,45.5,44.5,50.3
2023-05-01 02:44:00,56.0,52.0,54.5,51.4,48.0,46.0,45.5,52.0
2023-05-01 02:45:00,61.5,51.2,52.8,53.0,49.7,46.5,44.8,55.5
2023-05-01 02:46:00,56.3,52.0,52.0,52.8,47.7,46.5,44.7,51.0
2023-05-01 02:47:00,56.0,52.6,52.4,54.0,48.2,46.0,45.5,51.5
2023-05-01 02:48:00,56.3,51.0,52.2,52.5,48.3,46.0,44.0,53.0
2023-05-01 02:49:00,57.0,51.2,51.8,53.3,48.6,45.0,44.5,48.0
2023-05-01 02:50:00,56.7,53.2,53.8,52.0,48.8,45.5,44.5,47.0
2023-05-01 02:51:00,54.2,51.2,52.0,56.3,49.8,45.5,45.0,52.0
2023-05-01 02:52:00,52.3,51.4,51.0,53.5,47.8,46.0,44.7,52.5
2023-05-01 02:53:00,51.0,53.5,52.4,54.5,46.6,46.0,44.3,48.0
2023-05-01 02:54:00,46.5,52.6,59.0,57.5,48.4,46.0,44.7,52.5
2023-05-01 02:55:00,49.7,51.7,52.0,51.5,49.2,46.0,44.3,52.0
2023-05-01 02:56:00,50.5,50.8,53.5,55.0,47.8,46.0,44.7,53.0
2023-05-01 02:57:00,51.0,52.8,49.0,53.0,46.0,47.0,44.5,51.0
2023-05-01 02:58:00,51.0,53.8,55.5,54.5,46.3,46.0,45.5,54.5
2023-05-01 02:59:00,51.0,50.2,49.0,55.0,48.0,46.0,45.5,52.5
2023-05-01 03:00:00,51.0,50.0,49.0,56.0,48.5,46.0,44.5,55.2
2023-05-01 03:01:00,50.5,50.7,54.0,55.0,48.0,46.0,44.5,54.8
2023-05-01 03:02:00,50.0,52.3,51.0,56.5,49.0,46.0,45.0,52.8
2023-05-01 03:03:00,50.5,50.2,55.0,53.0,46.0,46.0,45.0,51.5
2023-05-01 03:04:00,51.0,52.0,49.3,53.0,51.0,45.5,44.5,52.0
2023-05-01 03:05:00,46.7,49.8,52.7,54.5,49.0,45.0,44.5,52.5
2023-05-01 03:06:00,45.3,49.7,50.2,51.3,46.0,51.0,44.0,51.0
2023-05-01 03:07:00,45.3,50.7,49.6,53.0,50.0,48.0,44.8,52.0
2023-05-01 03:08:00,45.5,50.2,49.4,52.2,46.0,48.5,44.2,53.0
2023-05-01 03:09:00,47.8,49.3,51.8,51.8,46.0,50.0,44.5,48.0
2023-05-01 03:10:00,49.0,49.4,48.4,52.0,46.5,46.8,44.8,51.5
2023-05-01 03:11:00,48.8,49.3,51.1,52.3,51.0,49.3,45.0,51.0
2023-05-01 03:12:00,48.0,51.0,50.9,51.3,45.5,51.0,45.7,52.5
2023-05-01 03:13:00,48.2,51.2,50.0,51.0,47.5,49.3,45.7,52.2
2023-05-01 03:14:00,47.8,50.8,50.5,51.8,47.0,46.7,45.0,53.8
2023-05-01 03:15:00,47.5,51.6,50.8,52.2,50.7,52.0,49.0,51.0
2023-05-01 03:16:00,51.0,51.8,51.4,51.8,48.7,50.0,44.0,52.2
2023-05-01 03:17:00,50.5,51.0,48.8,50.0,48.7,51.0,44.3,53.0
2023-05-01 03:18:00,46.0,52.4,52.2,51.4,48.0,54.0,44.0,49.5
2023-05-01 03:19:00,50.5,52.2,49.5,52.0,51.5,51.5,44.5,54.2
2023-05-01 03:20:00,46.0,51.6,50.8,51.4,50.3,50.5,45.5,51.7
2023-05-01 03:21:00,46.0,50.2,51.4,51.2,52.3,51.5,45.0,52.0
2023-05-01 03:22:00,46.0,51.6,51.5,50.7,50.0,49.0,45.5,54.5
2023-05-01 03:23:00,57.0,54.8,52.2,53.3,50.3,49.3,45.3,51.0
2023-05-01 03:24:00,57.0,56.0,54.2,52.7,47.0,50.0,45.0,53.0
2023-05-01 03:25:00,57.0,55.5,53.0,51.9,50.5,49.0,44.7,54.0
2023-05-01 03:26:00,53.7,54.8,54.2,50.9,49.0,45.7,45.3,52.0
2023-05-01 03:27:00,56.0,54.8,56.8,51.3,48.0,46.3,44.0,49.2
2023-05-01 03:28:00,52.3,56.3,55.0,49.5,48.3,45.7,45.0,51.2
2023-05-01 03:29:00,53.0,54.3,54.8,52.0,50.3,46.0,45.0,50.0
2023-05-01 03:30:00,53.0,54.7,52.6,50.7,47.7,46.0,45.0,52.0
2023-05-01 03:31:00,51.6,52.6,53.8,52.5,48.7,46.0,45.0,53.3
2023-05-01 03:32:00,52.6,53.8,49.7,51.8,48.0,46.5,46.0,50.3
2023-05-01 03:33:00,51.2,52.8,53.0,52.2,47.3,46.0,45.0,52.0
2023-05-01 03:34:00,49.2,52.2,52.3,53.0,46.0,47.0,45.0,51.5
2023-05-01 03:35:00,49.0,54.2,51.0,51.8,47.0,46.0,45.0,48.3
2023-05-01 03:36:00,50.0,51.6,50.5,51.4,47.5,46.0,44.5,50.8
2023-05-01 03:37:00,52.5,54.0,52.0,51.7,47.0,46.0,44.5,52.3
2023-05-01 03:38:00,52.0,53.6,54.8,53.5,46.5,47.0,44.5,49.0
2023-05-01 03:39:00,50.0,53.0,51.8,53.8,48.0,47.0,44.5,50.7
2023-05-01 03:40:00,49.7,52.8,53.5,53.6,48.5,46.0,44.5,50.0
2023-05-01 03:41:00,49.3,54.4,55.2,54.7,48.0,47.0,44.0,50.5
2023-05-01 03:42:00,53.2,53.8,55.8,54.0,47.0,46.0,44.0,48.0
2023-05-01 03:43:00,52.8,54.6,55.5,54.3,46.0,51.0,45.0,53.0
2023-05-01 03:44:00,54.4,54.8,56.8,53.0,48.0,47.0,44.0,51.5
2023-05-01 03:45:00,54.2,54.6,56.0,56.3,46.0,48.5,44.0,60.0
2023-05-01 03:46:00,54.6,53.6,53.0,59.5,47.0,45.5,44.0,54.5
2023-05-01 03:47:00,53.8,52.6,57.0,52.2,47.0,48.5,44.0,54.0
2023-05-01 03:48:00,54.0,53.8,56.4,51.8,46.0,46.5,44.0,50.0
2023-05-01 03:49:00,54.2,55.3,57.0,52.5,48.7,46.5,47.5,49.5
2023-05-01 03:50:00,54.5,54.0,54.3,51.8,49.3,47.0,47.5,50.0
2023-05-01 03:51:00,54.0,52.0,54.4,52.2,48.5,47.0,47.5,49.2
2023-05-01 03:52:00,52.5,53.0,54.2,51.2,46.2,47.0,47.5,48.8
2023-05-01 03:53:00,51.2,55.0,55.8,52.5,47.2,47.0,45.5,47.8
2023-05-01 03:54:00,51.5,54.8,55.5,52.2,47.8,46.0,44.5,49.8
2023-05-01 03:55:00,49.2,53.6,56.6,55.5,47.2,46.0,47.0,53.2
2023-05-01 03:56:00,51.6,55.0,55.3,54.0,46.7,46.0,45.5,51.0
2023-05-01 03:57:00,50.2,55.0,55.6,54.2,47.5,46.0,45.5,51.5
2023-05-01 03:58:00,52.2,56.2,55.5,53.5,47.0,46.0,46.0,51.2
2023-05-01 03:59:00,53.5,52.5,58.3,52.8,47.5,46.0,48.0,50.2
2023-05-01 04:00:00,53.5,50.8,57.2,52.8,48.0,46.0,46.0,50.5
2023-05-01 04:01:00,56.0,55.0,56.2,51.0,46.0,46.0,45.0,54.2
2023-05-01 04:02:00,56.3,53.5,57.7,52.8,48.0,46.0,52.0,51.0
2023-05-01 04:03:00,56.0,53.0,58.7,52.0,46.0,46.0,49.0,50.0
2023-05-01 04:04:00,57.7,52.0,56.0,52.7,48.0,46.0,48.0,50.8
2023-05-01 04:05:00,61.0,53.0,55.8,51.2,52.5,46.0,49.0,50.8
2023-05-01 04:06:00,61.0,49.0,55.7,51.8,50.0,46.0,46.0,49.8
2023-05-01 04:07:00,63.0,50.0,56.5,54.2,48.3,46.0,49.0,51.0
2023-05-01 04:08:00,62.0,50.0,57.5,54.0,49.0,60.0,46.0,51.7
2023-05-01 04:09:00,55.5,49.0,55.2,52.5,52.5,60.0,45.0,50.0
2023-05-01 04:10:00,57.5,52.0,58.7,53.4,49.7,60.0,48.0,51.0
2023-05-01 04:11:00,57.0,51.3,55.5,52.5,49.2,60.0,46.0,51.0
2023-05-01 04:12:00,57.3,51.3,57.8,51.8,49.5,60.0,44.0,51.0
2023-05-01 04:13:00,59.0,53.5,56.0,52.8,51.0,60.0,45.0,51.2
2023-05-01 04:14:00,60.7,54.2,56.6,52.7,49.4,60.0,46.0,50.3
2023-05-01 04:15:00,56.6,51.8,56.2,54.0,51.8,60.0,46.0,50.3
2023-05-01 04:16:00,55.7,54.0,56.8,52.8,51.5,60.0,47.0,52.0
2023-05-01 04:17:00,56.8,54.5,56.8,54.5,52.2,55.0,46.0,50.0
2023-05-01 04:18:00,54.7,54.5,59.3,52.4,50.0,67.0,46.0,51.3
2023-05-01 04:19:00,55.5,54.7,56.2,54.8,52.3,59.0,45.0,50.0
2023-05-01 04:20:00,57.0,54.4,58.8,53.8,52.3,56.0,46.0,53.0
2023-05-01 04:21:00,54.2,55.4,58.2,55.3,53.7,62.0,44.0,53.0
2023-05-01 04:22:00,54.8,58.5,57.0,57.0,53.5,60.0,44.0,53.0
2023-05-01 04:23:00,55.2,56.0,59.5,53.6,56.0,64.0,44.0,53.0
2023-05-01 04:24:00,55.0,56.2,57.5,54.3,58.0,52.0,45.0,51.0
2023-05-01 04:25:00,56.0,55.7,60.7,54.3,54.0,53.0,46.5,51.0
2023-05-01 04:26:00,58.0,54.0,56.0,56.0,57.0,63.0,46.0,51.0
2023-05-01 04:27:00,56.0,57.0,54.3,53.6,52.0,58.0,45.7,52.0
2023-05-01 04:28:00,56.0,57.3,54.3,53.4,53.0,62.0,46.7,48.0
2023-05-01 04:29:00,56.5,59.5,59.3,53.8,53.0,55.0,45.5,49.0
2023-05-01 04:30:00,56.0,57.0,60.5,52.0,58.0,56.0,45.2,48.5
2023-05-01 04:31:00,52.7,54.3,60.5,52.3,53.0,53.0,44.7,48.5
2023-05-01 04:32:00,52.3,55.2,61.3,52.7,57.0,51.3,44.7,52.3
2023-05-01 04:33:00,52.3,54.0,59.5,55.0,51.0,51.0,45.5,54.3
2023-05-01 04:34:00,51.0,55.3,60.8,52.5,51.0,55.7,45.0,50.0
2023-05-01 04:35:00,48.5,57.5,60.8,52.0,47.0,55.0,46.0,51.7
2023-05-01 04:36:00,47.0,55.5,62.5,52.0,47.0,48.0,46.8,52.0
2023-05-01 04:37:00,50.8,55.5,59.0,55.0,49.0,49.3,46.5,50.5
2023-05-01 04:38:00,54.3,57.8,58.5,58.0,48.0,48.0,46.8,52.0
2023-05-01 04:39:00,50.8,59.0,60.8,56.0,47.0,47.3,47.0,48.0
2023-05-01 04:40:00,51.4,55.0,61.8,56.5,48.0,46.8,46.2,51.0
2023-05-01 04:41:00,49.8,59.7,56.7,52.7,47.0,46.0,45.2,50.0
2023-05-01 04:42:00,54.4,58.0,61.5,54.3,54.0,46.0,45.2,55.0
2023-05-01 04:43:00,53.4,58.7,59.0,53.3,54.0,46.0,45.8,52.0
2023-05-01 04:44:00,53.8,56.0,52.5,54.0,48.0,46.7,44.8,52.0
2023-05-01 04:45:00,58.7,59.0,55.0,57.0,51.0,46.7,45.0,50.0
2023-05-01 04:46:00,59.3,54.7,55.0,55.4,52.0,46.3,44.8,53.0
2023-05-01 04:47:00,56.7,57.3,48.0,53.5,56.0,46.7,45.0,55.0
2023-05-01 04:48:00,56.0,57.0,50.0,52.8,58.0,46.3,44.3,49.5
2023-05-01 04:49:00,57.3,55.0,52.0,55.2,52.0,46.0,46.3,51.5
2023-05-01 04:50:00,57.3,56.0,55.0,53.6,53.0,46.0,45.7,52.0
2023-05-01 04:51:00,57.0,56.5,57.0,54.4,50.7,47.0,46.0,52.5
2023-05-01 04:52:00,57.7,55.5,58.0,56.3,50.0,48.3,45.5,53.3
2023-05-01 04:53:00,57.3,56.0,57.7,55.3,49.7,45.7,46.0,53.0
2023-05-01 04:54:00,57.3,56.5,56.0,55.8,50.2,46.0,45.0,52.3
2023-05-01 04:55:00,56.7,54.0,56.7,56.0,49.2,47.0,48.0,52.0
2023-05-01 04:56:00,57.0,56.5,61.3,55.0,48.8,45.7,47.0,53.7
2023-05-01 04:57:00,58.7,55.0,60.0,55.3,49.8,46.0,46.0,54.8
2023-05-01 04:58:00,58.3,60.5,60.3,57.6,49.8,48.3,46.0,56.7
2023-05-01 04:59:00,58.0,57.7,60.0,55.8,49.4,48.3,48.0,52.2
2023-05-01 05:00:00,58.7,56.3,56.0,56.0,50.2,50.7,51.0,52.0
2023-05-01 05:01:00,57.0,55.5,58.0,55.5,50.0,46.5,47.0,53.7
2023-05-01 05:02:00,57.0,61.0,60.5,54.5,50.8,47.0,45.0,57.5
2023-05-01 05:03:00,59.0,59.5,59.0,56.2,48.7,47.0,45.5,55.0
2023-05-01 05:04:00,57.0,62.5,61.7,57.0,49.7,46.3,44.0,59.0
2023-05-01 05:05:00,50.7,64.0,59.3,57.0,50.0,46.0,44.5,55.0
2023-05-01 05:06:00,56.0,62.0,60.0,57.0,51.0,46.0,45.0,58.0
2023-05-01 05:07:00,54.0,59.0,58.7,56.7,50.0,47.3,44.5,58.0
2023-05-01 05:08:00,50.7,52.0,60.3,56.8,49.7,46.0,44.5,57.0
2023-05-01 05:09:00,56.5,50.0,59.0,56.2,51.3,48.0,44.5,52.5
2023-05-01 05:10:00,56.0,50.0,57.0,54.5,49.5,48.8,44.5,57.3
2023-05-01 05:11:00,46.0,51.0,59.7,56.3,50.0,46.8,44.5,59.0
2023-05-01 05:12:00,54.0,52.5,60.2,56.5,50.3,47.8,45.0,60.0
2023-05-01 05:13:00,50.0,51.0,58.8,56.8,50.0,46.3,46.0,56.7
2023-05-01 05:14:00,46.0,51.3,59.4,54.3,52.0,47.3,45.0,51.3
2023-05-01 05:15:00,46.0,50.2,59.4,53.4,52.0,47.3,46.0,55.5
2023-05-01 05:16:00,46.0,52.6,59.0,53.7,52.0,47.0,46.0,49.0
2023-05-01 05:17:00,46.0,54.2,59.0,54.5,54.7,46.0,46.0,52.5
2023-05-01 05:18:00,45.0,51.5,59.8,53.6,53.0,47.3,48.5,53.2
2023-05-01 05:19:00,45.0,51.8,60.8,53.1,55.3,47.7,49.0,52.7
2023-05-01 05:20:00,45.0,52.2,59.3,54.7,53.7,46.0,48.0,53.2
2023-05-01 05:21:00,47.0,51.8,60.3,54.9,54.5,46.5,48.0,52.8
2023-05-01 05:22:00,50.0,53.2,59.0,55.5,55.0,47.3,47.0,53.8
2023-05-01 05:23:00,46.5,53.0,57.5,53.7,52.3,47.0,47.0,52.7
2023-05-01 05:24:00,53.0,51.0,57.0,54.5,54.0,48.0,45.3,53.3
2023-05-01 05:25:00,50.3,51.5,55.3,53.5,51.5,49.3,45.3,51.7
2023-05-01 05:26:00,45.0,53.0,56.0,56.7,52.0,47.0,45.7,51.5
2023-05-01 05:27:00,51.0,51.5,55.7,55.3,50.5,47.0,46.3,54.8
2023-05-01 05:28:00,49.0,53.8,56.3,55.7,52.0,46.0,46.7,53.4
2023-05-01 05:29:00,51.2,53.4,57.3,58.2,51.3,48.0,47.7,53.8
2023-05-01 05:30:00,48.8,54.2,56.5,57.0,52.0,47.0,48.7,52.8
2023-05-01 05:31:00,48.0,52.5,55.8,57.0,53.0,47.0,45.5,53.3
2023-05-01 05:32:00,54.7,52.6,56.5,57.2,48.7,47.0,48.5,53.0
2023-05-01 05:33:00,50.3,51.2,54.3,54.0,52.3,47.0,47.5,53.0
2023-05-01 05:34:00,45.7,53.1,56.3,56.3,52.7,47.0,47.0,51.5
2023-05-01 05:35:00,48.0,53.0,64.0,56.2,49.7,47.0,47.0,56.0
2023-05-01 05:36:00,47.0,51.7,57.0,55.0,50.7,47.0,47.0,55.0
2023-05-01 05:37:00,49.3,52.7,61.5,56.4,50.3,47.0,47.0,59.0
2023-05-01 05:38:00,47.3,55.3,62.5,55.1,50.0,47.0,47.0,57.0
2023-05-01 05:39:00,48.7,53.4,58.0,56.7,51.7,47.0,47.0,60.5
2023-05-01 05:40:00,45.0,53.5,61.3,56.4,50.5,47.0,47.0,55.0
2023-05-01 05:41:00,48.0,54.7,58.5,56.2,50.3,47.0,47.0,54.8
2023-05-01 05:42:00,48.7,53.0,54.0,57.5,50.3,47.0,47.0,54.2
2023-05-01 05:43:00,47.7,55.0,54.0,57.2,50.7,47.0,47.0,55.0
2023-05-01 05:44:00,51.8,55.0,53.5,56.8,47.5,47.0,47.0,54.4
2023-05-01 05:45:00,52.5,55.0,56.0,56.2,51.0,47.0,47.0,55.4
2023-05-01 05:46:00,47.5,54.0,57.3,56.0,47.0,47.0,47.0,55.4
2023-05-01 05:47:00,49.7,54.0,57.7,56.0,52.0,47.0,47.0,57.0
2023-05-01 05:48:00,46.0,54.0,56.3,57.7,49.0,47.0,47.0,54.8
2023-05-01 05:49:00,51.0,54.0,57.5,59.0,50.0,47.0,47.0,56.8
2023-05-01 05:50:00,49.0,55.5,59.0,56.3,46.0,47.0,47.0,56.7
2023-05-01 05:51:00,46.5,56.0,54.0,57.3,46.0,48.0,47.0,58.6
2023-05-01 05:52:00,48.0,54.0,59.0,56.3,46.0,46.0,47.0,56.2
2023-05-01 05:53:00,52.5,54.2,57.3,54.3,56.0,47.0,47.0,57.8
2023-05-01 05:54:00,49.2,55.4,57.2,58.7,56.0,48.0,47.0,57.0
2023-05-01 05:55:00,52.7,54.2,57.6,56.3,60.3,47.0,47.0,58.8
2023-05-01 05:56:00,49.5,54.4,55.2,56.0,56.0,46.0,47.0,56.8
2023-05-01 05:57:00,47.0,55.2,56.5,56.3,56.3,51.0,47.0,57.7
2023-05-01 05:58:00,52.0,55.8,57.0,55.3,57.7,48.0,47.0,56.1
2023-05-01 05:59:00,55.0,55.7,55.8,56.0,56.8,48.0,47.0,58.8
2023-05-01 06:00:00,54.7,53.0,56.7,54.0,54.6,46.0,47.0,56.3
2023-05-01 06:01:00,51.3,54.3,57.0,56.0,53.2,49.0,46.0,54.8
2023-05-01 06:02:00,47.0,54.0,59.5,58.0,52.4,49.5,46.0,55.8
2023-05-01 06:03:00,47.7,53.0,56.8,57.0,54.0,49.5,46.0,55.2
2023-05-01 06:04:00,53.3,55.0,58.0,55.5,54.4,47.5,46.0,55.8
2023-05-01 06:05:00,54.0,55.3,59.8,58.3,54.2,48.5,46.0,57.5
2023-05-01 06:06:00,49.5,53.8,57.8,57.7,54.2,51.5,46.0,55.3
2023-05-01 06:07:00,55.0,55.0,56.6,54.0,55.3,50.5,46.0,55.6
2023-05-01 06:08:00,56.7,54.2,56.6,55.7,52.5,47.5,46.0,56.5
2023-05-01 06:09:00,54.5,55.5,58.8,55.2,56.5,46.5,46.0,58.3
2023-05-01 06:10:00,50.5,56.0,57.8,57.8,53.7,48.0,46.0,57.3
2023-05-01 06:11:00,59.3,55.5,59.2,57.5,56.7,48.0,46.0,58.0
2023-05-01 06:12:00,52.2,54.5,59.0,57.2,54.3,48.0,46.0,59.2
2023-05-01 06:13:00,53.0,57.0,58.5,56.0,54.3,46.0,46.0,57.3
2023-05-01 06:14:00,55.5,56.3,61.6,57.2,53.0,46.0,46.0,55.8
2023-05-01 06:15:00,52.8,53.7,58.4,56.8,55.0,48.0,46.0,59.7
2023-05-01 06:16:00,50.3,58.0,58.8,55.5,53.3,47.0,46.0,58.0
2023-05-01 06:17:00,49.7,55.7,60.5,58.5,52.0,47.0,46.0,59.6
2023-05-01 06:18:00,51.0,55.0,57.5,57.2,52.3,54.0,46.0,55.5
2023-05-01 06:19:00,51.3,55.2,60.3,57.8,54.5,48.0,46.0,59.0
2023-05-01 06:20:00,55.6,56.2,60.2,56.6,54.0,48.0,46.0,58.5
2023-05-01 06:21:00,47.2,56.5,60.0,57.0,49.3,48.0,46.0,57.7
2023-05-01 06:22:00,49.4,55.2,57.3,58.2,52.2,48.0,46.0,60.5
2023-05-01 06:23:00,50.0,55.0,59.0,59.0,51.8,48.0,46.0,58.5
2023-05-01 06:24:00,51.8,54.0,59.0,58.7,53.0,53.0,46.0,60.0
2023-05-01 06:25:00,52.3,54.5,59.0,58.3,51.0,53.0,46.0,59.0
2023-05-01 06:26:00,52.0,56.0,54.0,59.7,53.2,53.0,46.0,58.5
2023-05-01 06:27:00,49.0,55.0,57.5,58.3,51.8,53.0,46.0,57.0
2023-05-01 06:28:00,51.0,54.0,56.0,59.0,52.5,53.0,46.7,56.0
2023-05-01 06:29:00,52.5,55.7,56.3,56.3,51.2,53.0,46.0,56.5
2023-05-01 06:30:00,51.0,55.0,56.3,58.3,52.8,54.0,45.7,59.5
2023-05-01 06:31:00,48.0,54.2,56.3,59.3,55.7,48.5,48.3,56.3
2023-05-01 06:32:00,45.0,55.3,58.5,58.3,55.3,53.5,47.0,56.0
2023-05-01 06:33:00,48.0,55.7,58.0,57.8,53.3,52.5,47.3,57.8
2023-05-01 06:34:00,46.0,56.7,57.8,59.8,52.5,49.5,47.3,59.0
2023-05-01 06:35:00,53.5,58.5,61.2,60.0,53.7,51.0,48.8,58.2
2023-05-01 06:36:00,48.5,56.0,59.0,59.2,54.3,46.5,46.8,56.8
2023-05-01 06:37:00,49.7,55.5,59.6,58.2,52.0,48.0,46.5,56.8
2023-05-01 06:38:00,54.0,55.5,59.2,58.5,53.2,49.0,49.0,58.6
2023-05-01 06:39:00,53.0,57.5,59.0,59.3,55.0,49.5,51.0,59.2
2023-05-01 06:40:00,54.7,57.0,60.0,57.5,53.5,50.0,51.0,58.7
2023-05-01 06:41:00,51.7,59.5,61.4,58.8,51.7,52.0,47.0,57.8
2023-05-01 06:42:00,53.0,56.3,59.8,60.0,56.2,50.5,45.0,59.0
2023-05-01 06:43:00,51.7,56.0,58.2,59.2,53.8,53.5,47.0,58.8
2023-05-01 06:44:00,50.0,57.0,60.3,57.5,52.5,55.0,47.0,59.0
2023-05-01 06:45:00,52.0,54.5,60.0,57.4,53.5,47.5,46.0,58.5
2023-05-01 06:46:00,49.5,55.0,55.3,58.2,51.7,52.5,50.0,58.0
2023-05-01 06:47:00,53.0,55.0,61.3,58.5,54.0,54.5,53.0,57.8
2023-05-01 06:48:00,55.5,56.0,57.7,59.8,51.7,51.3,49.0,58.0
2023-05-01 06:49:00,57.0,54.7,57.0,57.3,54.5,53.0,47.5,56.8
2023-05-01 06:50:00,55.5,55.0,58.0,57.6,54.2,50.0,47.0,55.8
2023-05-01 06:51:00,54.5,56.5,57.5,59.3,52.0,53.0,47.5,59.5
2023-05-01 06:52:00,58.0,59.0,60.7,59.0,53.8,62.0,47.0,57.3
2023-05-01 06:53:00,55.0,58.7,60.0,59.5,57.0,57.0,48.0,55.3
2023-05-01 06:54:00,56.0,57.0,62.3,58.6,54.7,51.0,49.5,57.5
2023-05-01 06:55:00,52.8,59.0,61.7,58.2,56.0,49.0,50.0,59.8
2023-05-01 06:56:00,51.0,57.3,60.0,60.0,55.7,56.0,46.5,57.8
2023-05-01 06:57:00,52.0,56.7,60.0,58.6,55.0,52.0,50.0,57.0
2023-05-01 06:58:00,54.5,57.0,58.7,59.8,51.0,48.0,47.5,58.0
2023-05-01 06:59:00,59.5,55.7,59.3,59.5,55.0,47.0,49.0,61.0
2023-05-01 07:00:00,52.0,56.0,61.3,59.8,59.0,52.0,47.0,59.2
2023-05-01 07:01:00,57.5,56.2,62.0,60.0,57.0,49.0,47.0,59.2
2023-05-01 07:02:00,54.0,55.5,59.3,58.5,53.0,50.0,49.0,60.5
2023-05-01 07:03:00,47.0,56.2,60.3,61.2,57.0,47.0,52.0,58.0
2023-05-01 07:04:00,52.0,58.0,60.0,60.2,54.0,47.0,50.0,60.7
2023-05-01 07:05:00,52.0,56.0,59.8,58.8,54.7,50.3,50.0,62.3
2023-05-01 07:06:00,48.0,58.0,60.0,59.2,54.7,51.0,50.0,58.7
2023-05-01 07:07:00,47.0,56.6,58.0,59.0,56.0,50.3,50.0,60.3
2023-05-01 07:08:00,49.0,57.2,58.0,59.5,54.8,51.0,50.0,62.5
2023-05-01 07:09:00,56.0,59.2,61.7,60.0,54.0,51.3,50.0,55.5
2023-05-01 07:10:00,50.0,55.0,60.0,60.5,54.6,48.7,50.0,64.0
2023-05-01 07:11:00,51.0,57.0,57.8,58.7,54.0,49.5,50.0,66.0
2023-05-01 07:12:00,49.0,59.5,59.0,59.3,54.6,47.5,48.0,60.5
2023-05-01 07:13:00,50.0,59.0,58.5,59.3,55.0,49.0,48.0,54.0
2023-05-01 07:14:00,53.5,58.0,62.5,60.3,52.0,49.3,48.0,59.4
2023-05-01 07:15:00,53.0,61.0,59.0,61.0,53.7,49.3,48.0,61.8
2023-05-01 07:16:00,57.7,55.0,58.7,59.0,52.8,53.7,48.0,61.4
2023-05-01 07:17:00,51.7,55.5,59.3,61.0,56.3,47.7,48.0,60.2
2023-05-01 07:18:00,51.7,60.0,58.7,60.6,54.5,48.0,48.0,62.7
2023-05-01 07:19:00,54.7,56.0,58.5,60.0,55.2,49.2,50.0,60.0
2023-05-01 07:20:00,56.7,60.0,63.0,61.2,57.5,51.8,55.0,60.5
2023-05-01 07:21:00,53.0,60.3,58.0,62.2,55.2,49.0,51.0,61.8
2023-05-01 07:22:00,54.0,60.0,61.0,59.5,55.5,49.2,46.0,62.8
2023-05-01 07:23:00,53.5,59.6,62.0,60.3,54.5,51.8,58.0,63.0
2023-05-01 07:24:00,51.2,60.4,63.0,62.0,57.2,51.0,48.0,61.3
2023-05-01 07:25:00,56.3,61.6,62.0,59.2,54.4,50.0,47.0,61.7
2023-05-01 07:26:00,52.3,61.0,63.3,60.0,55.6,54.4,46.5,62.5
2023-05-01 07:27:00,52.2,60.2,63.0,62.7,54.2,52.0,47.0,63.0
2023-05-01 07:28:00,54.3,59.8,61.3,61.3,54.8,50.7,47.0,61.3
2023-05-01 07:29:00,55.0,60.5,64.2,59.0,51.7,50.0,48.0,62.0
2023-05-01 07:30:00,57.0,61.2,64.0,62.7,54.7,52.2,46.0,60.5
2023-05-01 07:31:00,56.8,58.6,60.5,60.0,51.3,51.2,47.0,63.0
2023-05-01 07:32:00,54.4,59.6,62.2,59.7,54.7,53.5,46.0,61.0
2023-05-01 07:33:00,55.8,61.8,65.7,61.7,54.2,49.0,46.0,62.0
2023-05-01 07:34:00,54.2,61.0,63.7,61.5,54.2,50.7,48.0,65.0
2023-05-01 07:35:00,54.8,61.0,62.8,60.0,55.3,53.0,51.0,65.0
2023-05-01 07:36:00,55.2,60.7,63.0,63.0,54.5,47.0,51.0,62.0
2023-05-01 07:37:00,57.2,60.3,65.0,61.0,54.5,47.5,51.0,58.0
2023-05-01 07:38:00,53.0,62.0,63.3,59.0,53.2,48.0,51.0,63.5
2023-05-01 07:39:00,54.8,62.5,63.5,65.0,55.5,49.7,51.0,66.0
2023-05-01 07:40:00,54.4,58.5,62.0,63.0,56.2,47.7,52.0,61.0
2023-05-01 07:41:00,56.2,59.0,65.5,63.0,55.8,50.0,52.0,63.7
2023-05-01 07:42:00,55.7,60.0,62.5,63.0,56.2,48.0,52.0,65.0
2023-05-01 07:43:00,52.7,61.5,59.5,60.0,56.5,52.5,52.0,64.8
2023-05-01 07:44:00,56.0,57.5,66.5,63.0,55.7,47.0,54.0,63.7
2023-05-01 07:45:00,52.0,58.0,64.5,64.0,54.7,49.5,63.0,64.3
2023-05-01 07:46:00,51.0,60.0,60.0,63.5,55.0,49.0,46.5,64.0
2023-05-01 07:47:00,55.5,60.5,63.7,63.0,56.0,48.5,49.5,64.5
2023-05-01 07:48:00,55.0,58.5,63.7,62.5,57.0,51.5,51.5,61.8
2023-05-01 07:49:00,49.0,61.5,59.0,62.7,56.5,50.0,48.0,65.5
2023-05-01 07:50:00,55.0,57.5,61.5,64.3,55.5,50.3,53.0,63.8
2023-05-01 07:51:00,59.0,59.0,63.7,63.3,57.0,50.0,50.5,64.8
2023-05-01 07:52:00,55.0,61.0,61.0,61.3,60.0,48.0,47.0,60.0
2023-05-01 07:53:00,60.5,59.0,62.0,63.7,56.0,48.0,49.0,63.7
2023-05-01 07:54:00,55.3,61.0,62.8,62.8,57.8,49.0,47.5,64.5
2023-05-01 07:55:00,57.0,63.0,61.5,59.8,55.5,51.7,46.5,63.0
2023-05-01 07:56:00,61.3,59.0,60.5,61.8,58.0,49.2,48.0,64.5
2023-05-01 07:57:00,55.5,61.0,63.2,63.8,57.7,48.3,46.0,64.3
2023-05-01 07:58:00,58.3,64.0,62.0,59.8,55.5,50.0,47.0,62.7
2023-05-01 07:59:00,60.3,62.5,62.8,61.2,54.0,55.7,48.0,60.5
2023-05-01 08:00:00,58.7,62.5,64.0,63.0,53.0,53.7,46.0,65.5
2023-05-01 08:01:00,59.0,64.0,61.0,61.0,60.0,53.8,47.0,64.0
2023-05-01 08:02:00,57.3,60.3,61.0,61.8,57.5,51.2,48.0,60.0
2023-05-01 08:03:00,61.3,60.0,60.7,64.5,53.5,52.5,46.0,60.7
2023-05-01 08:04:00,55.0,63.3,62.5,60.0,56.0,49.3,49.0,64.5
2023-05-01 08:05:00,52.0,63.0,63.0,61.8,55.0,51.8,47.0,60.5
2023-05-01 08:06:00,57.0,61.2,60.5,63.7,55.3,54.0,47.0,62.7
2023-05-01 08:07:00,62.5,60.0,61.5,60.0,56.0,49.3,47.0,65.3
2023-05-01 08:08:00,57.5,60.2,64.2,62.7,56.0,51.0,48.0,62.7
2023-05-01 08:09:00,58.0,61.0,59.5,63.0,56.8,48.0,48.0,64.0
2023-05-01 08:10:00,55.5,62.0,60.8,60.0,54.5,50.0,48.5,66.0
2023-05-01 08:11:00,54.0,61.7,63.2,61.0,58.0,50.0,47.0,59.0
2023-05-01 08:12:00,55.0,61.2,61.0,62.5,56.8,51.5,47.0,64.2
2023-05-01 08:13:00,55.0,62.0,61.8,60.5,56.3,49.5,46.5,62.5
2023-05-01 08:14:00,54.0,61.5,63.8,60.0,57.5,48.0,45.5,61.6
2023-05-01 08:15:00,54.0,64.0,63.8,68.0,55.8,50.0,50.0,63.8
2023-05-01 08:16:00,58.0,64.0,60.0,59.0,55.8,49.5,46.0,63.8
2023-05-01 08:17:00,58.0,64.0,64.0,60.5,56.9,50.5,51.0,63.0
2023-05-01 08:18:00,60.0,60.7,60.7,63.0,56.2,53.5,48.0,64.6
2023-05-01 08:19:00,63.0,59.7,59.7,60.0,57.4,53.0,48.0,63.8
2023-05-01 08:20:00,53.5,60.5,64.3,63.3,56.0,53.0,47.0,62.8
2023-05-01 08:21:00,60.5,59.7,62.0,62.0,57.0,53.0,48.0,64.6
2023-05-01 08:22:00,55.5,59.3,61.5,62.2,58.3,53.0,48.0,64.0
2023-05-01 08:23:00,58.0,59.5,63.7,62.0,55.5,53.0,48.0,62.5
2023-05-01 08:24:00,52.5,58.3,62.7,62.7,55.2,53.0,51.0,64.0
2023-05-01 08:25:00,53.8,59.5,61.0,61.7,57.0,48.0,51.0,64.2
2023-05-01 08:26:00,54.0,59.8,66.3,63.3,59.7,48.0,51.0,62.5
2023-05-01 08:27:00,53.2,59.0,61.0,62.7,57.3,48.0,48.0,64.3
2023-05-01 08:28:00,55.0,58.8,62.0,61.0,59.5,48.0,47.0,63.7
2023-05-01 08:29:00,56.0,59.8,64.7,63.0,52.0,48.0,47.0,61.0
2023-05-01 08:30:00,57.2,60.8,61.7,61.3,53.0,48.0,47.0,67.3
2023-05-01 08:31:00,57.3,60.5,62.3,58.5,55.0,47.0,47.0,63.4
2023-05-01 08:32:00,55.2,60.2,65.0,62.5,56.0,49.0,53.0,62.4
2023-05-01 08:33:00,54.2,61.3,65.5,61.7,56.0,51.0,47.0,65.2
2023-05-01 08:34:00,59.0,60.2,59.5,60.7,60.5,47.0,52.0,64.2
2023-05-01 08:35:00,57.3,59.2,63.5,62.3,56.0,47.0,50.0,60.6
2023-05-01 08:36:00,59.0,61.1,64.5,64.0,58.3,47.0,50.0,65.8
2023-05-01 08:37:00,58.0,61.0,60.0,61.5,55.7,47.0,51.0,63.5
2023-05-01 08:38:00,58.5,59.9,62.5,62.0,56.7,51.0,51.0,63.2
2023-05-01 08:39:00,53.0,61.2,63.0,62.5,57.0,50.5,51.0,66.0
2023-05-01 08:40:00,57.0,61.3,59.0,60.5,55.8,50.0,50.0,65.3
2023-05-01 08:41:00,57.0,58.8,63.3,60.0,57.7,49.3,52.0,60.4
2023-05-01 08:42:00,58.0,61.6,64.0,64.0,54.3,48.0,49.5,64.0
2023-05-01 08:43:00,61.3,61.6,60.0,62.0,56.5,50.3,49.0,64.8
2023-05-01 08:44:00,55.0,58.5,65.3,60.0,55.0,52.7,51.0,63.5
2023-05-01 08:45:00,58.7,60.0,62.7,63.5,55.7,50.3,50.0,65.5
2023-05-01 08:46:00,57.0,62.5,60.5,60.0,57.2,49.8,49.5,63.5
2023-05-01 08:47:00,54.5,60.0,63.0,61.3,56.8,48.5,50.0,64.5
2023-05-01 08:48:00,55.5,60.3,63.0,62.0,58.6,48.0,51.5,64.8
2023-05-01 08:49:00,69.0,59.7,63.2,62.3,57.6,49.5,53.0,65.0
2023-05-01 08:50:00,66.0,59.2,65.5,63.0,57.5,53.0,51.0,60.0
2023-05-01 08:51:00,68.0,59.8,63.6,62.3,58.0,53.0,52.5,64.2
2023-05-01 08:52:00,60.0,60.0,64.4,61.0,60.0,50.5,51.0,62.8
2023-05-01 08:53:00,64.0,60.5,64.8,63.2,59.0,54.5,48.0,61.8
2023-05-01 08:54:00,58.0,59.6,63.2,63.0,58.7,55.5,47.0,65.3
2023-05-01 08:55:00,55.0,59.8,61.2,60.7,58.7,54.0,52.0,66.0
2023-05-01 08:56:00,60.0,58.6,61.4,62.5,57.8,49.0,52.0,64.3
2023-05-01 08:57:00,65.0,60.0,61.0,62.7,58.3,59.0,52.0,64.2
2023-05-01 08:58:00,60.7,60.5,62.8,62.7,59.0,59.0,52.0,66.5
2023-05-01 08:59:00,59.2,59.5,64.3,62.5,57.8,59.0,52.0,60.6
2023-05-01 09:00:00,62.0,60.0,62.0,63.5,55.8,59.0,52.0,63.4
2023-05-01 09:01:00,55.8,60.0,63.5,63.5,58.3,59.0,52.0,65.8
2023-05-01 09:02:00,58.0,59.5,64.0,62.5,57.0,55.5,52.0,63.2
2023-05-01 09:03:00,55.0,60.2,62.8,62.0,60.7,55.5,52.0,60.8
2023-05-01 09:04:00,55.3,59.2,63.8,61.8,58.0,55.5,52.0,65.2
2023-05-01 09:05:00,54.7,59.5,63.5,61.0,59.2,55.5,52.0,60.4
2023-05-01 09:06:00,61.0,60.4,64.0,64.2,61.0,55.5,52.0,64.8
2023-05-01 09:07:00,56.0,61.2,63.7,63.0,58.0,52.0,52.0,60.3
2023-05-01 09:08:00,55.5,60.2,65.7,62.0,58.0,51.0,50.0,65.0
2023-05-01 09:09:00,53.3,59.6,65.3,63.8,58.5,52.0,50.0,65.5
2023-05-01 09:10:00,54.0,61.5,64.0,63.0,60.0,47.7,50.0,63.0
2023-05-01 09:11:00,59.3,58.5,62.3,62.8,56.0,50.0,50.0,66.0
2023-05-01 09:12:00,58.3,60.7,64.5,63.1,59.0,51.0,50.0,67.5
2023-05-01 09:13:00,57.0,60.2,64.2,61.8,57.0,53.2,50.0,60.0
2023-05-01 09:14:00,53.3,59.3,63.3,62.8,62.0,51.2,50.0,60.0
2023-05-01 09:15:00,60.0,58.3,63.8,63.2,59.0,49.2,50.0,64.0
2023-05-01 09:16:00,55.0,59.3,61.0,61.2,58.0,47.3,50.0,63.5
2023-05-01 09:17:00,55.3,60.7,62.4,63.8,58.0,48.7,50.0,62.7
2023-05-01 09:18:00,56.3,62.0,62.8,63.4,59.0,50.3,47.0,64.0
2023-05-01 09:19:00,51.3,60.7,61.2,62.5,59.0,48.3,47.0,63.7
2023-05-01 09:20:00,59.0,60.2,64.0,62.0,55.0,46.0,47.5,63.0
2023-05-01 09:21:00,58.0,60.2,60.8,61.7,55.0,49.0,47.5,64.5
2023-05-01 09:22:00,56.3,59.2,62.8,63.0,59.0,47.0,52.0,64.8
2023-05-01 09:23:00,55.0,61.0,63.8,66.5,55.5,47.0,46.0,62.5
2023-05-01 09:24:00,53.3,62.8,62.8,63.7,56.0,48.0,46.5,65.8
2023-05-01 09:25:00,55.0,61.5,60.8,61.7,59.0,48.0,48.5,63.6
2023-05-01 09:26:00,56.0,60.7,62.8,64.5,58.0,48.0,53.0,63.6
2023-05-01 09:27:00,57.2,62.6,61.8,61.0,57.5,48.0,51.0,63.0
2023-05-01 09:28:00,55.2,60.3,61.5,61.3,58.5,48.0,49.0,66.6
2023-05-01 09:29:00,53.5,59.4,63.0,62.5,55.5,48.0,49.0,64.0
2023-05-01 09:30:00,58.2,61.1,62.8,62.0,57.0,51.5,47.5,64.3
2023-05-01 09:31:00,56.5,59.7,60.8,60.8,54.5,47.3,50.0,63.4
2023-05-01 09:32:00,55.8,59.2,64.0,63.2,57.0,51.0,52.5,65.0
2023-05-01 09:33:00,56.0,61.0,63.6,63.2,55.5,49.5,50.0,64.0
2023-05-01 09:34:00,54.8,59.0,63.4,62.3,58.5,49.2,49.0,62.5
2023-05-01 09:35:00,57.3,59.5,62.0,63.4,57.0,52.0,48.5,63.0
2023-05-01 09:36:00,57.0,61.4,62.6,62.4,56.3,52.2,54.0,66.5
2023-05-01 09:37:00,53.0,59.2,60.0,63.8,54.0,53.0,51.0,63.0
2023-05-01 09:38:00,52.0,60.0,62.2,62.5,58.3,49.2,47.0,63.5
2023-05-01 09:39:00,48.0,61.4,62.7,62.2,55.0,49.7,49.0,63.0
2023-05-01 09:40:00,48.0,61.8,62.3,62.2,58.0,49.3,49.0,61.0
2023-05-01 09:41:00,48.0,60.4,62.2,63.4,57.0,47.5,49.0,62.0
2023-05-01 09:42:00,48.0,62.7,63.0,62.8,58.0,52.0,49.0,65.0
2023-05-01 09:43:00,52.0,60.8,62.5,62.6,59.0,47.0,49.0,64.7
2023-05-01 09:44:00,52.0,60.5,63.0,63.2,56.0,47.0,48.0,63.2
2023-05-01 09:45:00,52.0,61.7,64.0,63.0,56.0,50.0,48.0,62.8
2023-05-01 09:46:00,53.0,62.0,61.0,61.0,56.0,49.5,48.0,63.8
2023-05-01 09:47:00,56.0,60.0,62.0,63.5,58.0,48.0,48.0,66.3
2023-05-01 09:48:00,55.0,62.8,64.0,64.7,58.0,46.5,48.0,61.3
2023-05-01 09:49:00,64.0,62.0,60.0,63.0,61.0,47.5,54.5,66.7
2023-05-01 09:50:00,59.0,61.7,61.0,62.3,55.0,49.0,47.5,66.0
2023-05-01 09:51:00,56.0,61.0,66.0,65.0,57.5,48.0,47.5,63.5
2023-05-01 09:52:00,56.0,61.8,58.0,62.7,57.0,50.0,49.0,64.8
2023-05-01 09:53:00,58.0,60.4,62.0,64.0,58.5,49.5,46.5,63.2
2023-05-01 09:54:00,59.0,61.0,61.0,65.0,61.0,49.5,48.0,64.7
2023-05-01 09:55:00,57.8,61.0,60.0,62.7,57.0,53.0,48.5,65.0
2023-05-01 09:56:00,48.0,61.5,62.5,62.2,58.0,51.0,49.0,65.3
2023-05-01 09:57:00,57.3,62.0,61.5,63.8,59.3,53.5,48.7,65.2
2023-05-01 09:58:00,60.0,62.0,61.0,61.5,56.0,54.3,51.3,63.0
2023-05-01 09:59:00,54.3,60.2,62.5,62.2,55.5,51.0,48.5,64.5
2023-05-01 10:00:00,56.0,60.6,59.0,63.0,58.0,64.0,47.5,64.2
2023-05-01 10:01:00,56.0,58.0,58.7,63.5,56.0,55.0,49.0,63.6
2023-05-01 10:02:00,58.3,60.3,62.3,62.0,61.5,55.5,50.0,63.4
2023-05-01 10:03:00,54.7,61.3,61.2,62.8,64.0,50.5,49.5,63.4
2023-05-01 10:04:00,52.3,59.5,59.5,62.0,60.3,52.0,47.0,64.7
2023-05-01 10:05:00,54.0,61.0,63.0,61.8,60.5,58.5,50.0,63.5
2023-05-01 10:06:00,54.3,61.5,63.0,63.2,61.3,52.7,50.5,63.8
2023-05-01 10:07:00,52.7,60.5,60.5,64.8,60.0,49.5,50.5,64.0
2023-05-01 10:08:00,60.0,59.0,62.0,62.2,57.0,47.0,49.0,63.0
2023-05-01 10:09:00,56.3,62.8,62.0,63.6,57.0,48.0,49.0,65.0
2023-05-01 10:10:00,58.0,61.0,62.5,62.6,57.3,47.5,49.0,63.2
2023-05-01 10:11:00,57.3,61.2,65.0,62.0,58.7,48.0,49.0,64.7
2023-05-01 10:12:00,56.0,61.5,60.5,63.4,57.7,48.7,50.0,62.7
2023-05-01 10:13:00,57.7,59.8,60.3,62.6,56.0,46.7,47.0,62.7
2023-05-01 10:14:00,59.3,60.2,63.7,63.5,55.3,51.3,48.0,65.2
2023-05-01 10:15:00,55.5,62.4,60.7,63.0,56.4,48.3,48.0,63.3
2023-05-01 10:16:00,59.0,61.0,60.5,61.0,57.8,49.7,53.0,63.0
2023-05-01 10:17:00,55.0,59.5,61.8,62.2,55.2,47.7,53.0,64.2
2023-05-01 10:18:00,53.0,61.0,62.2,62.0,54.4,47.3,47.0,64.5
2023-05-01 10:19:00,60.0,59.8,59.8,64.0,56.6,50.2,49.0,64.0
2023-05-01 10:20:00,63.0,59.2,62.8,63.5,56.2,50.5,48.5,61.2
2023-05-01 10:21:00,52.0,61.2,61.0,68.0,56.0,51.7,49.5,66.0
2023-05-01 10:22:00,49.0,61.4,60.2,62.0,55.5,49.7,47.0,63.5
2023-05-01 10:23:00,56.0,61.2,65.5,64.0,56.0,48.7,53.5,65.0
2023-05-01 10:24:00,66.0,61.5,62.0,63.0,55.5,49.7,48.0,64.3
2023-05-01 10:25:00,61.0,60.8,61.5,62.7,55.0,49.3,49.0,64.0
2023-05-01 10:26:00,59.0,61.8,64.0,64.5,55.0,57.0,47.0,67.0
2023-05-01 10:27:00,56.0,61.7,65.0,65.3,55.0,54.5,47.5,63.3
2023-05-01 10:28:00,57.5,60.0,63.5,62.0,56.0,53.5,47.5,64.0
2023-05-01 10:29:00,60.5,63.2,67.0,64.7,56.0,50.0,47.5,66.5
2023-05-01 10:30:00,56.5,62.8,64.3,64.3,59.5,50.0,47.5,61.0
2023-05-01 10:31:00,54.0,61.0,62.7,64.0,57.3,64.0,47.5,65.0
2023-05-01 10:32:00,52.5,60.2,64.0,62.5,59.0,58.0,47.5,65.0
2023-05-01 10:33:00,58.0,61.8,62.0,63.0,56.5,58.0,47.5,63.0
2023-05-01 10:34:00,57.0,61.4,59.8,61.5,57.2,66.0,47.5,67.0
2023-05-01 10:35:00,55.0,60.2,64.6,63.0,55.5,52.0,47.5,65.5
2023-05-01 10:36:00,59.0,61.6,62.2,63.0,55.9,62.0,47.5,63.5
2023-05-01 10:37:00,54.0,61.0,62.5,62.0,55.4,55.0,54.0,65.5
2023-05-01 10:38:00,49.0,60.6,62.8,59.0,55.8,53.0,54.0,64.0
2023-05-01 10:39:00,49.0,61.0,63.0,65.0,57.0,54.0,54.0,63.2
2023-05-01 10:40:00,54.0,59.8,60.2,61.0,57.0,52.5,54.0,65.0
2023-05-01 10:41:00,55.0,59.7,63.3,63.0,55.9,52.0,54.0,64.2
2023-05-01 10:42:00,54.5,62.0,65.3,66.5,55.6,50.7,54.0,65.6
2023-05-01 10:43:00,55.0,64.3,60.3,65.0,55.6,50.3,54.0,66.6
2023-05-01 10:44:00,56.0,60.3,63.2,66.5,57.0,54.7,54.0,64.5
2023-05-01 10:45:00,54.0,60.0,62.8,64.0,55.7,50.0,54.0,66.0
2023-05-01 10:46:00,54.0,60.7,61.6,63.3,55.2,56.0,51.0,66.8
2023-05-01 10:47:00,49.5,58.0,61.8,64.7,57.8,54.7,48.0,61.0
2023-05-01 10:48:00,57.0,60.0,63.5,63.7,55.7,54.3,49.0,62.8
2023-05-01 10:49:00,52.7,61.3,63.2,62.7,57.2,52.7,48.0,67.3
2023-05-01 10:50:00,56.7,59.7,61.8,64.3,57.5,56.7,52.0,63.3
2023-05-01 10:51:00,55.0,59.5,62.8,64.8,58.0,57.5,55.0,66.7
2023-05-01 10:52:00,54.0,60.8,63.4,62.0,57.2,56.0,52.0,65.7
2023-05-01 10:53:00,51.7,60.3,62.8,64.0,57.0,50.0,58.0,63.3
2023-05-01 10:54:00,55.2,62.0,63.2,65.0,54.3,53.0,63.5,63.7
2023-05-01 10:55:00,53.5,62.3,61.4,62.0,57.3,54.5,75.0,66.3
2023-05-01 10:56:00,56.7,60.5,61.8,61.5,58.5,49.5,76.0,63.7
2023-05-01 10:57:00,56.3,62.8,62.8,63.5,54.3,49.5,64.5,61.0
2023-05-01 10:58:00,54.0,61.0,62.6,61.0,57.0,49.5,61.0,65.0
2023-05-01 10:59:00,56.5,61.7,64.4,61.0,57.3,49.5,60.5,66.3
2023-05-01 11:00:00,60.5,61.3,63.2,63.3,58.7,48.0,61.0,65.0
2023-05-01 11:01:00,56.0,61.5,61.5,64.0,55.8,48.0,61.5,67.7
2023-05-01 11:02:00,59.5,60.5,64.2,62.0,58.0,49.0,62.0,67.7
2023-05-01 11:03:00,58.5,64.0,63.5,62.7,59.3,49.0,61.5,64.0
2023-05-01 11:04:00,61.0,65.0,62.8,62.3,55.2,48.0,62.0,65.0
2023-05-01 11:05:00,63.7,63.0,63.8,61.3,55.2,48.0,64.0,66.0
2023-05-01 11:06:00,64.7,60.0,63.7,61.3,57.2,51.0,63.0,65.2
2023-05-01 11:07:00,61.8,57.0,62.3,63.7,57.4,47.5,66.5,65.0
2023-05-01 11:08:00,64.2,61.5,64.0,63.2,56.3,49.0,68.0,65.4
2023-05-01 11:09:00,66.2,60.0,63.3,64.0,55.0,48.5,64.0,66.8
2023-05-01 11:10:00,57.8,59.0,61.0,62.0,54.3,54.0,65.0,63.5
2023-05-01 11:11:00,57.5,60.7,61.5,63.5,56.7,48.0,67.5,65.2
2023-05-01 11:12:00,59.5,61.5,64.0,64.0,54.7,49.0,62.0,66.8
2023-05-01 11:13:00,60.0,60.5,62.0,62.0,57.0,49.0,49.0,63.3
2023-05-01 11:14:00,59.8,58.8,61.0,63.7,53.5,50.0,56.0,63.5
2023-05-01 11:15:00,62.0,60.8,63.0,63.7,55.0,49.0,55.0,62.5
2023-05-01 11:16:00,63.0,60.0,61.0,62.7,54.0,49.0,56.0,63.0
2023-05-01 11:17:00,64.0,59.2,64.3,61.0,55.0,49.0,46.0,65.0
2023-05-01 11:18:00,58.0,62.0,62.7,63.0,53.7,49.0,47.5,68.0
2023-05-01 11:19:00,64.0,59.0,60.8,62.5,54.8,49.0,50.0,65.0
2023-05-01 11:20:00,64.0,60.7,62.0,62.0,56.4,49.0,46.5,65.0
2023-05-01 11:21:00,62.0,61.0,62.0,62.0,59.0,49.0,52.0,65.0
2023-05-01 11:22:00,61.5,58.5,62.4,62.3,56.8,49.0,50.0,63.5
2023-05-01 11:23:00,63.0,60.0,64.2,61.0,58.0,55.0,49.5,63.5
2023-05-01 11:24:00,59.0,59.0,62.8,63.0,57.0,55.0,49.0,63.5
2023-05-01 11:25:00,61.7,59.0,65.2,62.0,57.0,55.0,48.0,64.5
2023-05-01 11:26:00,56.5,59.0,66.0,60.0,57.0,55.0,52.0,63.7
2023-05-01 11:27:00,59.3,59.0,62.2,64.5,60.5,55.0,51.0,64.3
2023-05-01 11:28:00,57.3,62.0,63.0,62.5,56.2,55.0,55.0,65.7
2023-05-01 11:29:00,55.0,62.0,65.6,63.0,54.5,55.0,50.0,65.8
2023-05-01 11:30:00,60.5,66.0,62.4,65.5,56.7,50.0,54.0,62.2
2023-05-01 11:31:00,54.0,69.0,61.8,62.5,55.7,56.0,52.0,65.2
2023-05-01 11:32:00,58.0,64.0,63.2,64.0,56.0,59.0,57.0,63.5
2023-05-01 11:33:00,57.4,68.0,62.8,65.0,61.0,47.0,50.0,64.7
2023-05-01 11:34:00,57.8,65.5,63.0,63.3,55.0,60.0,51.0,63.5
2023-05-01 11:35:00,58.5,66.5,63.8,62.3,58.7,56.0,59.0,65.0
2023-05-01 11:36:00,55.8,70.0,65.8,65.5,55.0,61.5,48.0,67.0
2023-05-01 11:37:00,58.8,65.0,62.6,63.7,57.0,56.5,62.0,63.0
2023-05-01 11:38:00,58.8,63.5,63.4,62.5,56.3,53.0,58.0,60.0
2023-05-01 11:39:00,60.8,66.5,64.0,62.3,53.7,70.0,53.0,60.0
2023-05-01 11:40:00,58.0,66.5,63.5,61.7,54.3,65.0,62.0,60.0
2023-05-01 11:41:00,66.0,63.5,65.5,63.2,54.5,52.0,61.0,60.0
2023-05-01 11:42:00,60.5,65.0,63.6,63.8,56.0,54.0,50.0,69.0
2023-05-01 11:43:00,62.0,64.7,63.0,62.5,57.0,65.0,53.0,69.0
2023-05-01 11:44:00,56.0,61.3,65.0,62.5,57.0,60.0,49.0,69.0
2023-05-01 11:45:00,58.0,62.3,62.8,62.5,56.5,58.0,56.5,63.0
2023-05-01 11:46:00,59.0,64.7,65.2,63.0,54.0,66.0,49.5,67.0
2023-05-01 11:47:00,61.5,63.7,64.2,63.5,55.5,50.5,48.5,66.0
2023-05-01 11:48:00,59.2,64.3,64.8,63.0,58.0,57.5,48.7,63.0
2023-05-01 11:49:00,61.6,62.5,65.0,65.0,61.0,57.0,50.7,68.0
2023-05-01 11:50:00,57.8,65.0,64.0,66.0,55.5,51.0,54.7,70.0
2023-05-01 11:51:00,59.2,63.0,63.7,64.0,58.0,50.5,52.7,63.0
2023-05-01 11:52:00,58.0,61.0,60.5,64.0,59.0,51.0,52.0,63.0
2023-05-01 11:53:00,60.4,61.0,63.0,65.0,63.0,55.5,53.0,63.0
2023-05-01 11:54:00,57.0,61.0,63.0,65.0,55.0,55.0,50.3,66.0
2023-05-01 11:55:00,55.8,62.0,61.0,65.0,52.0,54.0,56.0,64.0
2023-05-01 11:56:00,55.0,62.0,61.0,69.0,58.0,54.0,52.0,66.0
2023-05-01 11:57:00,53.3,63.0,62.0,66.0,55.5,52.0,48.0,63.0
2023-05-01 11:58:00,53.7,61.5,63.3,62.5,52.7,48.0,48.0,64.0
2023-05-01 11:59:00,54.5,64.0,62.3,64.0,57.0,49.0,48.0,66.0
2023-05-01 12:00:00,53.2,65.0,63.0,66.0,56.0,49.0,48.0,69.0
2023-05-01 12:01:00,59.0,63.2,63.2,67.0,57.7,49.0,48.0,63.0
2023-05-01 12:02:00,56.0,63.0,63.2,64.0,58.7,48.0,48.0,65.0
2023-05-01 12:03:00,55.7,64.2,62.5,66.0,60.0,48.0,58.0,66.0
2023-05-01 12:04:00,61.0,63.2,61.8,68.3,59.7,47.0,58.0,62.0
2023-05-01 12:05:00,57.0,61.2,63.4,65.7,62.5,48.0,58.0,66.0
2023-05-01 12:06:00,56.0,65.0,62.7,66.0,55.0,58.0,58.0,66.0
2023-05-01 12:07:00,57.0,64.2,67.7,64.0,59.0,50.0,58.0,63.0
2023-05-01 12:08:00,58.0,62.0,64.0,62.5,54.3,48.0,55.0,69.5
2023-05-01 12:09:00,55.0,62.7,63.0,63.0,56.0,51.0,68.0,67.5
2023-05-01 12:10:00,57.0,63.0,61.5,63.0,54.0,49.0,61.0,68.0
2023-05-01 12:11:00,55.3,59.0,64.5,61.5,54.7,49.0,63.0,67.0
2023-05-01 12:12:00,59.0,65.0,64.3,66.5,56.7,57.0,58.0,64.0
2023-05-01 12:13:00,55.3,62.5,65.3,64.0,54.3,52.5,57.0,69.0
2023-05-01 12:14:00,60.5,63.8,67.0,61.5,57.5,57.5,50.0,73.0
2023-05-01 12:15:00,62.2,62.0,64.0,68.3,56.5,57.0,53.0,71.0
2023-05-01 12:16:00,58.0,61.7,62.8,64.7,57.0,58.0,65.0,74.0
2023-05-01 12:17:00,58.8,61.0,64.5,65.2,60.0,49.0,46.0,69.0
2023-05-01 12:18:00,58.5,61.5,64.5,66.3,63.0,53.0,48.0,65.0
2023-05-01 12:19:00,55.2,63.5,65.7,64.7,55.0,51.0,48.0,65.0
2023-05-01 12:20:00,54.3,60.0,66.2,65.3,55.0,47.5,47.0,65.3
2023-05-01 12:21:00,53.0,62.3,66.0,65.2,58.0,51.0,47.0,65.8
2023-05-01 12:22:00,55.0,59.3,65.7,64.2,57.0,51.0,48.0,62.4
2023-05-01 12:23:00,64.0,63.0,67.8,65.6,57.0,52.0,46.0,65.0
2023-05-01 12:24:00,53.0,61.2,65.0,63.8,55.0,48.0,54.0,66.4
2023-05-01 12:25:00,53.0,62.2,63.5,66.6,55.3,51.0,46.0,65.2
2023-05-01 12:26:00,63.5,60.8,63.2,66.2,56.0,54.0,46.0,64.6
2023-05-01 12:27:00,63.0,63.2,63.5,64.0,53.8,54.0,54.0,67.6
2023-05-01 12:28:00,58.5,61.5,66.5,63.0,55.8,54.0,54.0,67.2
2023-05-01 12:29:00,58.0,64.6,63.2,64.0,58.2,54.0,50.0,66.0
2023-05-01 12:30:00,59.0,64.2,63.7,65.0,57.2,54.0,49.0,66.0
2023-05-01 12:31:00,59.5,62.2,62.8,63.7,57.0,54.0,61.0,66.5
2023-05-01 12:32:00,62.3,64.0,65.0,61.0,57.2,49.0,51.0,61.0
2023-05-01 12:33:00,59.0,64.2,62.6,64.3,56.0,49.0,52.0,66.0
2023-05-01 12:34:00,58.7,62.0,62.2,63.0,56.0,49.0,48.5,66.5
2023-05-01 12:35:00,57.3,63.2,65.4,63.0,55.5,49.0,49.5,66.0
2023-05-01 12:36:00,55.0,62.6,63.3,63.3,54.5,49.0,52.0,66.0
2023-05-01 12:37:00,59.5,63.4,62.8,63.4,57.5,57.0,48.5,64.0
2023-05-01 12:38:00,59.5,62.6,65.0,66.5,56.0,64.0,52.0,67.5
2023-05-01 12:39:00,60.5,63.5,62.7,65.5,54.5,55.0,55.0,68.5
2023-05-01 12:40:00,59.7,62.0,63.8,65.3,57.0,58.0,58.0,65.5
2023-05-01 12:41:00,57.0,59.3,63.4,66.2,56.0,65.0,50.0,69.0
2023-05-01 12:42:00,60.0,62.2,63.8,65.4,59.5,57.5,48.5,66.0
2023-05-01 12:43:00,59.3,63.8,63.0,65.4,56.5,54.0,47.0,65.0
2023-05-01 12:44:00,57.3,62.2,63.6,67.0,58.0,59.7,53.5,64.0
2023-05-01 12:45:00,61.0,63.8,64.0,65.0,54.5,60.7,72.0,69.0
2023-05-01 12:46:00,61.3,64.8,62.7,64.6,54.0,52.5,63.0,66.0
2023-05-01 12:47:00,58.7,61.2,65.7,65.3,57.0,52.5,59.0,66.0
2023-05-01 12:48:00,55.0,61.2,63.3,62.7,61.2,51.0,56.0,66.0
2023-05-01 12:49:00,58.3,64.2,62.8,63.0,60.4,52.0,52.0,63.0
2023-05-01 12:50:00,63.5,63.0,64.0,65.2,58.5,49.5,53.5,63.0
2023-05-01 12:51:00,59.7,64.8,65.0,65.8,58.7,55.5,51.5,64.0
2023-05-01 12:52:00,60.0,67.2,64.3,62.7,58.5,54.0,55.0,68.0
2023-05-01 12:53:00,61.3,64.2,62.0,64.8,56.8,53.0,61.0,63.0
2023-05-01 12:54:00,63.8,63.4,64.0,63.5,57.8,62.0,57.0,62.5
2023-05-01 12:55:00,60.8,65.0,63.2,63.0,58.2,49.0,62.0,66.0
2023-05-01 12:56:00,59.0,63.4,62.5,65.0,60.0,49.0,57.0,62.0
2023-05-01 12:57:00,59.0,62.8,64.3,64.0,58.0,50.0,60.0,65.0
2023-05-01 12:58:00,60.0,62.3,64.2,62.6,55.2,51.0,56.0,65.3
2023-05-01 12:59:00,56.4,62.8,63.8,64.8,57.5,59.0,55.5,65.0
2023-05-01 13:00:00,58.0,63.4,63.7,64.8,56.7,56.0,50.5,64.0
2023-05-01 13:01:00,60.8,63.7,62.7,64.2,58.0,57.5,49.5,66.0
2023-05-01 13:02:00,63.5,63.3,63.3,65.0,55.8,56.5,49.0,66.0
2023-05-01 13:03:00,60.5,65.2,62.0,65.2,56.2,58.5,50.5,64.5
2023-05-01 13:04:00,59.5,63.2,64.7,64.5,56.2,54.5,53.5,67.0
2023-05-01 13:05:00,62.0,63.6,62.3,64.5,56.5,51.0,55.5,65.7
2023-05-01 13:06:00,61.0,63.8,62.5,66.5,58.6,53.5,52.0,67.0
2023-05-01 13:07:00,57.0,65.8,62.5,64.8,55.2,50.0,56.5,67.0
2023-05-01 13:08:00,58.5,63.8,65.5,65.0,55.0,57.0,56.0,63.7
2023-05-01 13:09:00,64.0,60.7,61.2,65.2,58.4,61.5,54.0,67.7
2023-05-01 13:10:00,62.0,62.5,63.8,64.0,58.4,54.0,54.0,66.3
2023-05-01 13:11:00,61.0,60.7,65.0,64.2,59.6,52.0,53.0,66.2
2023-05-01 13:12:00,59.5,61.5,64.5,66.2,57.6,60.0,52.0,66.4
2023-05-01 13:13:00,60.0,62.5,64.6,64.0,58.4,52.0,50.0,65.2
2023-05-01 13:14:00,59.5,62.3,65.6,65.6,55.2,54.0,50.5,67.6
2023-05-01 13:15:00,60.3,64.3,62.6,68.2,58.8,53.5,51.5,67.2
2023-05-01 13:16:00,59.5,62.7,62.0,67.6,58.8,50.0,51.5,64.6
2023-05-01 13:17:00,58.2,61.7,65.0,66.7,59.5,51.5,50.0,67.2
2023-05-01 13:18:00,57.6,62.0,62.0,66.6,59.6,49.5,54.5,67.0
2023-05-01 13:19:00,59.4,62.0,64.0,63.5,59.4,50.5,53.5,63.2
2023-05-01 13:20:00,55.6,60.7,64.0,64.4,58.8,56.0,51.0,66.5
2023-05-01 13:21:00,56.0,65.0,61.0,66.0,56.4,55.0,49.5,68.0
2023-05-01 13:22:00,56.0,61.0,71.0,64.3,56.6,58.0,50.5,62.3
2023-05-01 13:23:00,57.8,60.7,68.0,66.0,61.6,58.0,53.0,65.0
2023-05-01 13:24:00,58.8,63.0,65.0,65.3,57.0,58.0,48.5,66.8
2023-05-01 13:25:00,58.0,59.5,63.5,68.3,56.5,58.0,50.0,66.2
2023-05-01 13:26:00,57.7,63.0,66.0,67.7,58.2,58.0,54.0,65.6
2023-05-01 13:27:00,60.0,61.0,62.3,63.0,55.6,58.0,51.0,67.4
2023-05-01 13:28:00,57.5,62.0,67.7,65.0,57.0,58.0,54.0,69.0
2023-05-01 13:29:00,58.0,66.0,67.0,68.0,57.2,58.0,62.0,64.8
2023-05-01 13:30:00,57.2,66.0,64.0,65.0,56.5,58.0,48.0,67.5
2023-05-01 13:31:00,60.3,61.0,65.7,64.0,60.0,58.0,49.0,69.5
2023-05-01 13:32:00,59.0,62.0,65.3,64.3,57.5,55.0,51.0,66.8
2023-05-01 13:33:00,59.5,66.0,68.0,65.3,55.2,55.0,50.0,68.7
2023-05-01 13:34:00,56.0,63.0,64.3,65.5,59.0,55.0,54.0,68.0
2023-05-01 13:35:00,56.5,64.0,65.0,63.8,56.4,55.0,53.0,67.0
2023-05-01 13:36:00,55.0,66.0,68.0,65.7,57.5,55.0,53.0,68.0
2023-05-01 13:37:00,55.0,62.0,67.0,64.5,58.5,55.0,52.0,66.5
2023-05-01 13:38:00,55.0,65.0,69.0,65.5,57.1,55.0,49.0,63.0
2023-05-01 13:39:00,56.0,63.0,68.0,65.0,56.2,55.0,49.0,69.0
2023-05-01 13:40:00,56.3,65.0,69.0,63.8,56.5,55.0,50.0,70.3
2023-05-01 13:41:00,56.3,65.0,71.0,64.2,56.6,55.0,50.0,63.7
2023-05-01 13:42:00,58.4,65.0,67.0,64.4,56.8,52.0,51.7,67.3
2023-05-01 13:43:00,57.0,65.0,73.0,64.2,56.3,51.0,48.7,72.7
2023-05-01 13:44:00,58.2,65.0,67.0,67.2,58.1,53.0,51.0,63.7
2023-05-01 13:45:00,57.6,65.0,66.0,66.0,56.4,63.0,52.0,70.0
2023-05-01 13:46:00,55.8,65.0,65.0,64.4,56.8,56.3,54.0,71.0
2023-05-01 13:47:00,58.2,65.0,67.0,65.4,58.1,56.7,52.0,67.0
2023-05-01 13:48:00,60.3,65.0,67.0,67.0,57.8,55.3,51.0,69.0
2023-05-01 13:49:00,60.5,60.0,65.0,65.0,56.2,56.0,56.5,69.0
2023-05-01 13:50:00,56.7,60.0,68.0,65.5,56.4,57.2,55.2,73.0
2023-05-01 13:51:00,56.7,60.0,66.0,65.2,57.3,53.2,56.2,72.0
2023-05-01 13:52:00,58.0,60.0,65.0,64.2,57.2,55.2,52.0,66.0
2023-05-01 13:53:00,58.8,60.0,70.0,63.2,57.0,53.8,52.3,70.0
2023-05-01 13:54:00,57.2,60.0,73.0,64.2,55.4,58.5,54.3,67.0
2023-05-01 13:55:00,55.5,60.0,73.0,63.0,58.0,56.7,50.5,70.0
2023-05-01 13:56:00,56.7,61.0,68.0,68.0,58.2,50.0,59.0,67.0
2023-05-01 13:57:00,57.3,64.0,68.0,67.2,58.3,51.0,50.0,65.0
2023-05-01 13:58:00,56.7,62.0,62.0,64.5,59.5,57.0,48.0,68.0
2023-05-01 13:59:00,59.0,61.0,69.0,62.6,57.7,54.0,50.0,67.5
2023-05-01 14:00:00,51.0,62.0,68.0,65.8,58.0,54.0,49.0,67.0
2023-05-01 14:01:00,55.5,58.0,67.0,62.6,58.0,52.5,54.0,68.0
2023-05-01 14:02:00,54.5,63.0,67.0,62.6,59.0,57.5,54.0,70.0
2023-05-01 14:03:00,52.0,66.0,63.0,64.6,56.0,54.0,54.0,66.3
2023-05-01 14:04:00,57.0,66.0,63.0,64.5,59.0,50.0,54.0,67.0
2023-05-01 14:05:00,57.0,66.0,62.0,64.3,58.0,51.5,54.0,68.5
2023-05-01 14:06:00,52.5,57.0,63.0,62.7,58.0,51.7,54.0,65.3
2023-05-01 14:07:00,55.0,57.0,64.3,64.5,55.5,54.3,52.0,66.7
2023-05-01 14:08:00,58.0,57.0,65.0,64.2,54.5,49.7,52.0,70.0
2023-05-01 14:09:00,55.5,59.0,62.8,63.4,54.5,52.7,52.0,68.0
2023-05-01 14:10:00,54.5,63.0,65.4,67.0,64.0,54.0,52.0,64.0
2023-05-01 14:11:00,59.0,58.0,65.0,64.0,62.0,57.0,52.0,67.5
2023-05-01 14:12:00,54.0,65.0,64.0,65.8,64.0,53.5,50.0,70.5
2023-05-01 14:13:00,58.0,64.0,64.4,66.3,55.0,52.5,53.0,63.0
2023-05-01 14:14:00,56.0,59.5,65.0,65.5,53.0,52.5,56.0,64.5
2023-05-01 14:15:00,55.0,62.0,63.8,66.5,58.0,50.0,51.0,66.8
2023-05-01 14:16:00,59.0,60.7,62.7,65.0,57.5,53.2,53.5,66.5
2023-05-01 14:17:00,52.3,61.3,64.7,64.8,59.0,52.8,51.5,64.8
2023-05-01 14:18:00,54.7,65.0,66.7,64.2,55.0,56.8,54.5,66.8
2023-05-01 14:19:00,57.0,64.7,65.0,64.0,55.5,56.0,56.5,63.2
2023-05-01 14:20:00,56.3,61.3,67.3,64.7,55.0,52.3,53.5,64.0
2023-05-01 14:21:00,58.5,64.7,67.0,65.7,56.5,57.0,56.0,68.5
2023-05-01 14:22:00,58.0,64.0,66.3,63.7,57.5,61.0,53.0,65.0
2023-05-01 14:23:00,57.3,64.0,64.3,65.7,58.0,57.0,52.5,66.0
2023-05-01 14:24:00,54.0,63.6,65.2,68.0,57.0,63.0,46.0,70.4
2023-05-01 14:25:00,54.8,64.0,65.2,66.7,56.0,54.0,48.0,67.6
2023-05-01 14:26:00,53.8,60.6,64.8,65.2,56.0,50.0,48.0,67.0
2023-05-01 14:27:00,56.0,62.6,66.2,63.5,55.0,48.0,50.0,67.2
2023-05-01 14:28:00,55.5,63.0,67.2,62.2,59.0,48.0,49.0,67.6
2023-05-01 14:29:00,55.8,61.3,65.0,65.0,56.7,48.0,49.0,65.8
2023-05-01 14:30:00,55.0,64.8,66.0,65.0,55.7,55.0,53.0,67.8
2023-05-01 14:31:00,57.7,64.7,62.0,62.6,57.0,49.0,50.0,68.5
2023-05-01 14:32:00,61.8,63.3,65.0,65.8,55.3,50.5,52.0,67.3
2023-05-01 14:33:00,59.5,66.0,63.5,64.8,57.8,53.0,51.0,65.2
2023-05-01 14:34:00,60.2,63.3,66.5,64.0,54.8,49.5,55.0,67.2
2023-05-01 14:35:00,57.7,63.2,66.0,66.2,55.8,50.5,49.0,63.0
2023-05-01 14:36:00,61.3,66.0,65.0,67.0,58.2,48.0,51.0,65.0
2023-05-01 14:37:00,52.3,64.2,64.0,65.3,58.4,48.0,49.0,67.2
2023-05-01 14:38:00,62.3,61.2,65.7,65.0,58.0,48.0,51.0,64.8
2023-05-01 14:39:00,59.0,66.0,65.2,68.0,58.6,55.0,53.0,66.0
2023-05-01 14:40:00,62.5,64.4,63.8,66.0,56.3,50.0,48.0,68.6
2023-05-01 14:41:00,56.5,63.2,65.8,64.0,56.5,54.0,49.0,67.0
2023-05-01 14:42:00,61.0,62.6,65.5,66.5,57.2,51.0,52.0,65.6
2023-05-01 14:43:00,54.0,64.0,64.0,67.0,56.8,50.0,54.0,68.8
2023-05-01 14:44:00,60.0,64.0,64.6,67.0,62.2,52.0,49.0,65.0
2023-05-01 14:45:00,55.0,61.4,64.2,65.5,62.2,52.5,55.5,68.0
2023-05-01 14:46:00,57.0,63.2,62.2,65.0,60.3,60.5,48.5,68.7
2023-05-01 14:47:00,55.0,62.8,66.0,64.0,64.7,51.5,51.5,65.2
2023-05-01 14:48:00,55.0,62.8,67.8,65.7,57.5,55.5,53.5,65.8
2023-05-01 14:49:00,58.0,63.6,64.6,65.3,54.0,51.5,53.0,68.2
2023-05-01 14:50:00,56.0,62.8,64.6,63.3,54.0,56.5,54.3,66.2
2023-05-01 14:51:00,57.0,65.0,64.5,65.7,59.0,62.0,52.3,67.8
2023-05-01 14:52:00,59.5,64.2,62.5,63.3,59.0,49.0,58.0,70.0
2023-05-01 14:53:00,65.5,62.5,64.5,66.3,59.0,50.0,53.0,67.4
2023-05-01 14:54:00,63.5,64.5,65.8,67.3,56.5,50.0,54.5,65.4
2023-05-01 14:55:00,55.5,62.5,66.0,64.3,54.5,50.0,57.0,69.2
2023-05-01 14:56:00,63.0,63.3,66.7,66.5,57.7,50.0,53.5,66.2
2023-05-01 14:57:00,60.0,63.3,64.0,67.4,59.5,58.0,52.5,68.0
2023-05-01 14:58:00,70.0,61.8,62.7,68.0,56.3,58.0,53.5,67.0
2023-05-01 14:59:00,56.5,65.0,66.5,65.2,57.3,58.0,51.0,66.0
2023-05-01 15:00:00,54.5,62.6,68.0,67.8,56.7,77.0,52.0,65.8
2023-05-01 15:01:00,64.0,63.8,63.0,65.6,55.0,64.0,51.0,67.2
2023-05-01 15:02:00,54.0,61.2,66.5,66.6,56.0,56.0,54.0,63.7
2023-05-01 15:03:00,55.0,63.5,66.5,67.4,56.3,48.0,55.0,65.2
2023-05-01 15:04:00,63.0,66.0,64.0,65.4,56.3,53.0,50.0,66.2
2023-05-01 15:05:00,54.0,64.3,63.0,65.4,55.0,55.0,50.0,65.3
2023-05-01 15:06:00,57.0,65.0,63.0,66.3,56.0,53.3,54.0,66.5
2023-05-01 15:07:00,61.0,66.7,69.0,64.0,52.3,56.7,51.0,66.6
2023-05-01 15:08:00,52.0,63.8,67.0,65.8,55.0,48.0,48.0,65.0
2023-05-01 15:09:00,55.0,65.3,69.0,65.6,53.5,48.0,49.0,64.8
2023-05-01 15:10:00,56.0,64.0,66.7,64.0,57.0,51.0,52.0,65.3
2023-05-01 15:11:00,58.5,62.0,67.3,65.5,54.5,48.5,49.0,62.7
2023-05-01 15:12:00,56.0,63.2,66.2,67.0,53.0,50.0,57.0,66.0
2023-05-01 15:13:00,55.0,62.0,68.6,66.2,56.0,51.5,50.0,65.0
2023-05-01 15:14:00,53.0,62.0,68.6,65.2,55.0,53.5,51.0,67.0
2023-05-01 15:15:00,56.7,66.5,67.2,66.2,57.0,63.0,52.0,69.0
2023-05-01 15:16:00,57.3,63.2,68.2,65.0,57.0,65.0,50.0,61.0
2023-05-01 15:17:00,56.3,60.8,67.8,65.0,57.0,59.0,51.0,66.0
2023-05-01 15:18:00,59.0,63.5,67.8,67.0,62.0,53.0,49.0,67.0
2023-05-01 15:19:00,59.0,61.3,67.2,66.0,62.0,60.0,47.0,67.0
2023-05-01 15:20:00,57.0,61.5,68.3,66.7,55.0,49.0,51.0,67.5
2023-05-01 15:21:00,51.0,62.3,67.0,69.0,52.0,50.0,47.0,69.0
2023-05-01 15:22:00,56.0,61.5,67.5,66.7,57.0,61.0,50.0,69.0
2023-05-01 15:23:00,57.0,61.3,67.0,68.0,56.0,52.0,49.0,82.0
2023-05-01 15:24:00,60.0,64.8,70.0,66.8,56.0,54.0,51.5,72.0
2023-05-01 15:25:00,59.0,62.5,65.5,65.0,56.0,50.0,52.0,71.0
2023-05-01 15:26:00,49.0,60.0,68.0,65.2,54.5,50.0,50.0,68.0
2023-05-01 15:27:00,57.0,63.7,69.5,64.8,55.0,48.0,53.5,67.5
2023-05-01 15:28:00,54.7,62.3,64.5,64.2,58.0,48.0,48.5,64.0
2023-05-01 15:29:00,54.0,63.0,66.3,64.0,59.0,57.0,49.0,66.0
2023-05-01 15:30:00,57.3,64.7,67.0,65.8,55.0,50.5,55.5,62.0
2023-05-01 15:31:00,60.5,64.0,67.0,62.8,57.0,51.5,54.7,67.0
2023-05-01 15:32:00,57.2,63.2,67.8,66.5,57.5,49.5,55.0,62.5
2023-05-01 15:33:00,59.8,63.7,67.3,66.2,56.0,67.0,53.0,63.0
2023-05-01 15:34:00,53.7,65.0,68.0,66.5,54.5,53.0,52.0,66.0
2023-05-01 15:35:00,55.2,63.5,68.0,66.2,54.0,73.0,53.5,65.0
2023-05-01 15:36:00,56.0,62.7,68.3,68.0,60.0,69.0,56.5,65.0
2023-05-01 15:37:00,58.3,65.0,69.3,64.7,58.0,66.0,56.5,66.3
2023-05-01 15:38:00,60.3,60.7,72.3,65.3,57.0,66.0,54.0,63.5
2023-05-01 15:39:00,52.3,62.3,71.0,66.5,60.0,66.0,51.5,65.0
2023-05-01 15:40:00,55.3,65.0,71.5,63.0,55.0,48.0,51.0,66.7
2023-05-01 15:41:00,57.3,63.7,73.0,64.5,56.5,48.0,53.0,65.0
2023-05-01 15:42:00,60.5,63.3,74.0,65.0,55.5,52.0,52.3,66.0
2023-05-01 15:43:00,58.0,63.3,66.0,64.5,56.5,50.0,52.3,64.0
2023-05-01 15:44:00,57.5,59.0,67.0,62.0,62.0,50.0,55.3,66.3
2023-05-01 15:45:00,57.3,61.0,63.5,65.5,55.3,49.0,51.0,64.5
2023-05-01 15:46:00,57.0,64.7,64.0,62.0,55.2,53.0,49.5,67.5
2023-05-01 15:47:00,59.0,61.5,64.0,63.5,55.8,52.0,52.0,66.5
2023-05-01 15:48:00,54.0,62.0,67.5,66.7,58.0,55.0,53.0,66.7
2023-05-01 15:49:00,60.0,63.0,65.0,66.3,57.0,49.0,48.0,68.0
2023-05-01 15:50:00,58.5,63.0,66.5,64.7,58.8,49.0,50.0,63.0
2023-05-01 15:51:00,59.5,61.5,65.5,66.0,58.0,49.0,57.5,66.0
2023-05-01 15:52:00,57.0,65.0,67.0,64.7,57.6,49.0,55.0,66.7
2023-05-01 15:53:00,52.0,61.3,66.5,64.3,61.8,52.0,52.0,64.7
2023-05-01 15:54:00,55.0,62.8,62.5,66.0,58.4,52.0,61.0,65.0
2023-05-01 15:55:00,53.5,61.5,68.5,63.3,60.4,52.0,56.0,64.8
2023-05-01 15:56:00,59.0,64.0,67.0,63.5,60.2,52.0,63.0,62.0
2023-05-01 15:57:00,55.0,62.5,62.7,64.2,60.0,51.0,56.0,65.0
2023-05-01 15:58:00,52.0,61.3,65.3,62.7,60.8,57.0,54.0,64.3
2023-05-01 15:59:00,54.0,64.7,65.3,64.0,62.2,53.0,54.0,63.3
2023-05-01 16:00:00,53.0,62.0,62.7,64.3,61.5,55.0,54.0,64.0
2023-05-01 16:01:00,55.0,62.0,68.3,64.3,60.0,59.0,54.0,66.0
2023-05-01 16:02:00,55.0,69.0,65.0,64.0,57.2,57.0,57.0,64.5
2023-05-01 16:03:00,53.0,65.0,65.0,64.7,61.8,56.0,57.0,68.0
2023-05-01 16:04:00,55.0,65.0,61.0,62.5,61.5,51.0,57.0,69.0
2023-05-01 16:05:00,64.0,66.0,63.5,63.5,61.2,60.0,57.0,63.0
2023-05-01 16:06:00,58.0,63.0,62.5,65.0,57.8,60.0,53.0,66.0
2023-05-01 16:07:00,60.7,57.0,62.0,72.0,58.0,60.0,54.0,66.0
2023-05-01 16:08:00,58.0,65.0,63.0,74.0,57.2,60.0,51.0,66.0
2023-05-01 16:09:00,57.7,62.0,62.7,67.0,57.8,60.0,53.0,64.5
2023-05-01 16:10:00,56.7,60.0,64.0,65.0,56.0,60.0,51.0,67.5
2023-05-01 16:11:00,59.5,62.0,64.7,65.0,57.0,60.0,58.0,67.5
2023-05-01 16:12:00,56.5,64.0,62.7,65.0,61.0,60.0,50.0,66.0
2023-05-01 16:13:00,59.0,63.0,63.0,65.0,59.5,60.0,53.0,64.0
2023-05-01 16:14:00,56.5,67.0,66.2,66.0,55.8,60.0,55.0,66.2
2023-05-01 16:15:00,53.0,63.0,64.8,65.0,58.8,60.0,57.0,67.5
2023-05-01 16:16:00,55.0,69.5,66.5,64.7,59.2,60.0,57.0,64.5
2023-05-01 16:17:00,51.0,68.0,68.5,67.0,59.2,60.0,48.0,65.2
2023-05-01 16:18:00,51.0,63.0,65.8,63.3,61.0,60.0,50.0,67.7
2023-05-01 16:19:00,58.0,63.5,66.5,62.8,58.8,51.0,51.0,61.0
2023-05-01 16:20:00,58.0,65.0,69.0,66.3,58.3,51.0,59.0,66.7
2023-05-01 16:21:00,56.0,64.0,66.7,64.8,60.6,51.0,52.0,66.0
2023-05-01 16:22:00,58.0,62.0,65.8,63.2,59.5,51.0,54.0,66.3
2023-05-01 16:23:00,56.0,58.0,64.8,64.0,57.7,51.0,56.0,68.7
2023-05-01 16:24:00,56.0,67.0,66.2,63.3,57.1,51.0,49.0,67.8
2023-05-01 16:25:00,59.0,61.0,64.2,64.3,57.1,51.0,52.0,65.8
2023-05-01 16:26:00,51.0,61.0,67.0,68.7,57.0,51.0,52.0,65.8
2023-05-01 16:27:00,59.0,60.0,64.8,67.0,59.0,51.0,50.0,66.8
2023-05-01 16:28:00,57.0,62.0,64.0,63.3,57.0,51.0,53.5,67.8
2023-05-01 16:29:00,57.0,60.3,66.0,65.5,57.3,51.0,53.5,66.4
2023-05-01 16:30:00,55.0,66.0,65.5,66.5,56.7,51.0,56.5,65.8
2023-05-01 16:31:00,55.0,61.7,66.0,70.0,58.2,51.0,56.0,66.7
2023-05-01 16:32:00,55.0,60.8,64.2,70.7,55.3,58.0,63.0,64.8
2023-05-01 16:33:00,62.0,62.8,66.0,67.7,57.5,53.0,73.0,66.2
2023-05-01 16:34:00,62.0,61.8,64.3,69.0,58.6,53.0,70.0,65.9
2023-05-01 16:35:00,62.0,61.8,65.5,68.2,56.2,50.0,68.0,64.6
2023-05-01 16:36:00,56.0,63.2,65.7,68.2,57.3,56.0,53.0,65.8
2023-05-01 16:37:00,56.5,62.2,68.7,66.5,55.7,59.0,57.0,66.3
2023-05-01 16:38:00,58.0,61.8,65.0,65.5,56.3,57.0,58.7,64.4
2023-05-01 16:39:00,55.7,62.0,69.3,64.7,58.8,57.0,61.3,65.0
2023-05-01 16:40:00,57.7,62.5,65.3,64.0,58.2,62.0,57.7,65.5
2023-05-01 16:41:00,57.7,62.5,66.0,64.2,59.2,62.0,56.0,66.0
2023-05-01 16:42:00,60.7,64.0,64.7,64.8,57.6,62.0,53.0,60.5
2023-05-01 16:43:00,56.7,63.5,65.5,64.2,60.8,62.0,59.3,60.5
2023-05-01 16:44:00,54.5,64.0,66.5,64.0,60.2,62.0,61.3,65.0
2023-05-01 16:45:00,55.3,65.8,69.3,66.6,59.2,62.0,55.3,64.0
2023-05-01 16:46:00,56.7,65.0,70.3,64.3,58.2,49.0,60.0,61.0
2023-05-01 16:47:00,59.7,63.0,68.7,66.9,58.2,49.0,60.0,66.0
2023-05-01 16:48:00,60.3,63.0,68.3,67.3,56.5,49.0,60.0,66.0
2023-05-01 16:49:00,59.0,63.0,68.4,66.6,56.0,49.0,60.0,67.5
2023-05-01 16:50:00,58.0,61.5,68.6,64.2,56.5,49.0,60.0,68.0
2023-05-01 16:51:00,59.5,62.0,68.3,64.9,56.3,52.0,60.0,65.8
2023-05-01 16:52:00,61.5,61.0,66.2,63.4,56.7,51.5,66.5,66.0
2023-05-01 16:53:00,58.5,60.7,69.8,63.6,58.0,57.5,66.5,67.0
2023-05-01 16:54:00,58.0,59.7,63.5,67.2,56.2,53.0,66.5,67.0
2023-05-01 16:55:00,57.3,61.5,66.4,65.0,57.5,52.5,66.5,66.2
2023-05-01 16:56:00,61.7,61.6,66.2,64.8,55.8,54.0,66.5,64.6
2023-05-01 16:57:00,66.0,61.6,66.2,66.7,55.5,54.0,66.5,68.6
2023-05-01 16:58:00,59.0,61.0,67.0,69.2,56.4,51.0,67.0,66.3
2023-05-01 16:59:00,56.0,66.0,67.5,66.8,57.2,59.0,58.0,64.2
2023-05-01 17:00:00,56.5,66.2,67.0,68.0,57.0,65.0,58.0,64.8
2023-05-01 17:01:00,60.0,64.7,68.8,64.5,57.0,50.0,58.7,65.2
2023-05-01 17:02:00,62.0,68.2,67.2,65.2,55.3,52.5,58.3,64.8
2023-05-01 17:03:00,57.0,65.8,67.2,66.8,55.7,50.7,57.0,65.7
2023-05-01 17:04:00,60.2,67.2,65.6,68.2,65.5,54.0,61.7,65.4
2023-05-01 17:05:00,55.5,64.0,67.5,65.0,55.0,55.0,58.5,62.8
2023-05-01 17:06:00,54.0,64.0,65.0,64.5,59.0,54.0,60.7,65.2
2023-05-01 17:07:00,53.7,64.5,67.2,62.2,55.5,56.0,55.5,62.5
2023-05-01 17:08:00,58.7,64.0,65.5,63.2,56.0,56.7,55.5,64.3
2023-05-01 17:09:00,58.0,63.0,64.3,64.2,55.0,56.0,55.5,66.0
2023-05-01 17:10:00,57.2,62.0,66.3,65.5,58.0,55.0,55.5,65.7
2023-05-01 17:11:00,55.3,66.7,66.0,65.0,55.0,48.0,55.5,64.3
2023-05-01 17:12:00,56.5,64.0,64.3,64.2,56.0,55.0,55.5,65.7
2023-05-01 17:13:00,56.3,62.5,66.7,63.2,57.0,55.0,55.5,66.0
2023-05-01 17:14:00,59.3,62.0,66.8,63.0,58.7,55.0,55.5,65.4
2023-05-01 17:15:00,57.0,64.5,64.5,65.8,59.0,55.0,55.5,66.8
2023-05-01 17:16:00,60.3,63.5,65.2,65.4,54.5,55.0,55.5,64.8
2023-05-01 17:17:00,59.3,61.5,66.0,64.2,56.5,51.0,55.5,63.4
2023-05-01 17:18:00,61.0,65.0,64.6,66.7,59.5,51.0,55.5,66.8
2023-05-01 17:19:00,61.3,62.0,65.4,65.6,56.5,51.0,55.5,64.0
2023-05-01 17:20:00,64.0,63.0,68.8,66.2,54.5,51.0,55.5,64.2
2023-05-01 17:21:00,58.8,63.7,66.8,68.0,56.0,48.0,55.5,66.2
2023-05-01 17:22:00,53.8,66.0,65.8,69.0,59.0,47.0,55.5,65.8
2023-05-01 17:23:00,59.5,64.2,69.0,67.0,56.5,50.0,55.5,65.0
2023-05-01 17:24:00,56.8,62.8,67.5,70.5,56.5,55.0,52.0,66.0
2023-05-01 17:25:00,56.3,60.8,67.0,74.0,56.5,53.0,52.0,64.5
2023-05-01 17:26:00,59.8,60.5,67.3,78.0,56.5,53.0,52.0,66.0
2023-05-01 17:27:00,57.5,62.2,67.3,69.0,60.0,49.0,52.0,66.3
2023-05-01 17:28:00,54.8,62.8,66.7,73.0,60.0,49.0,52.0,68.7
2023-05-01 17:29:00,57.8,63.8,67.7,70.0,60.0,53.0,52.0,65.3
2023-05-01 17:30:00,60.0,64.2,63.7,64.5,55.0,56.3,52.0,67.7
2023-05-01 17:31:00,60.0,62.0,61.3,63.5,57.0,67.0,52.0,65.7
2023-05-01 17:32:00,57.5,62.0,67.5,68.0,56.5,64.0,52.0,64.0
2023-05-01 17:33:00,51.5,62.8,66.0,64.5,57.0,52.5,52.0,65.7
2023-05-01 17:34:00,55.0,64.8,62.5,64.5,58.2,61.5,52.0,64.7
2023-05-01 17:35:00,58.3,64.2,63.0,69.5,55.8,55.5,52.0,64.3
2023-05-01 17:36:00,57.7,67.5,65.5,70.5,55.5,56.5,52.0,63.0
2023-05-01 17:37:00,61.5,64.2,63.5,70.5,56.2,54.3,52.0,64.7
2023-05-01 17:38:00,59.0,64.5,63.0,70.0,55.5,59.7,52.0,64.3
2023-05-01 17:39:00,58.0,63.0,67.5,70.0,55.8,57.7,52.0,66.0
2023-05-01 17:40:00,59.5,63.0,62.5,74.0,57.8,54.7,59.0,66.8
2023-05-01 17:41:00,58.5,62.2,60.0,69.0,55.4,53.3,52.0,62.6
2023-05-01 17:42:00,59.0,62.2,64.5,76.0,56.6,55.0,49.0,63.4
2023-05-01 17:43:00,59.0,62.5,64.0,68.0,57.6,53.3,48.0,66.8
2023-05-01 17:44:00,58.5,63.2,62.0,66.5,54.8,49.7,48.0,65.0
2023-05-01 17:45:00,65.5,64.5,67.8,65.5,56.0,49.7,51.0,64.6
2023-05-01 17:46:00,57.0,64.2,68.7,65.0,58.0,55.5,56.0,66.6
2023-05-01 17:47:00,56.5,65.5,67.2,63.3,54.7,59.3,61.0,62.5
2023-05-01 17:48:00,57.5,64.0,67.0,66.0,54.8,57.7,54.0,62.5
2023-05-01 17:49:00,58.0,63.0,66.8,64.2,58.5,53.7,54.0,64.8
2023-05-01 17:50:00,61.0,64.2,63.2,65.2,55.2,56.0,54.0,64.0
2023-05-01 17:51:00,62.0,62.8,63.0,65.5,55.0,61.0,54.0,63.2
2023-05-01 17:52:00,56.7,62.0,64.5,64.6,54.7,53.0,54.0,64.6
2023-05-01 17:53:00,59.7,62.8,63.2,64.0,53.0,54.0,55.0,63.6
2023-05-01 17:54:00,58.3,62.8,62.5,66.5,56.5,52.0,55.0,65.2
2023-05-01 17:55:00,57.5,62.8,64.0,64.2,53.0,55.7,55.0,65.8
2023-05-01 17:56:00,57.0,63.2,64.7,68.3,57.5,58.3,55.0,65.0
2023-05-01 17:57:00,58.5,62.8,66.0,63.7,55.5,57.0,55.0,65.4
2023-05-01 17:58:00,57.5,63.6,65.7,63.7,58.7,56.0,52.0,68.2
2023-05-01 17:59:00,58.0,61.6,67.2,64.0,55.3,59.0,57.0,66.6
2023-05-01 18:00:00,56.0,63.0,67.0,67.0,56.2,57.0,48.0,62.0
2023-05-01 18:01:00,52.0,62.2,69.3,67.7,56.0,63.0,49.0,67.2
2023-05-01 18:02:00,62.5,63.0,68.5,65.0,55.5,49.0,51.5,67.0
2023-05-01 18:03:00,68.0,64.0,66.3,66.0,53.8,48.0,50.5,71.3
2023-05-01 18:04:00,68.0,62.3,65.7,64.5,56.8,74.0,52.5,65.3
2023-05-01 18:05:00,65.5,63.0,68.5,67.5,55.8,52.0,50.0,68.5
2023-05-01 18:06:00,66.5,60.5,70.0,67.5,55.0,60.0,51.5,67.3
2023-05-01 18:07:00,61.0,61.0,67.0,61.0,55.7,55.0,49.0,66.0
2023-05-01 18:08:00,59.5,61.5,65.3,64.0,56.2,49.0,48.0,67.0
2023-05-01 18:09:00,59.5,65.0,66.7,62.0,56.3,49.0,48.0,68.2
2023-05-01 18:10:00,59.8,63.7,66.5,62.0,56.0,52.0,47.0,61.7
2023-05-01 18:11:00,62.8,63.3,66.0,62.0,58.0,52.0,47.0,66.7
2023-05-01 18:12:00,60.5,62.7,66.8,62.0,58.3,57.0,47.0,64.5
2023-05-01 18:13:00,55.3,61.5,67.0,62.0,57.3,54.0,48.0,64.0
2023-05-01 18:14:00,55.2,62.0,68.0,62.0,55.7,51.0,48.0,60.5
2023-05-01 18:15:00,55.2,60.7,66.8,62.0,54.7,57.0,47.0,67.5
2023-05-01 18:16:00,58.6,63.0,65.4,62.5,55.0,54.0,47.0,72.0
2023-05-01 18:17:00,57.2,62.3,64.4,60.0,53.7,54.0,51.0,72.0
2023-05-01 18:18:00,59.0,62.2,65.8,64.0,56.7,54.0,48.5,63.0
2023-05-01 18:19:00,57.0,64.2,63.2,61.5,56.0,64.0,51.0,63.0
2023-05-01 18:20:00,54.3,63.8,64.8,60.0,55.0,64.0,49.5,65.5
2023-05-01 18:21:00,56.3,66.0,64.0,62.7,58.7,64.0,50.5,63.0
2023-05-01 18:22:00,57.0,62.7,66.3,61.7,56.3,57.0,48.5,66.0
2023-05-01 18:23:00,54.0,63.7,67.0,62.7,56.0,53.0,51.0,63.0
2023-05-01 18:24:00,56.3,62.3,65.0,64.0,55.0,56.0,55.0,65.2
2023-05-01 18:25:00,56.5,62.7,67.7,62.2,57.0,52.0,47.0,63.6
2023-05-01 18:26:00,56.8,61.7,63.5,61.5,58.5,61.0,50.5,62.2
2023-05-01 18:27:00,57.6,63.0,66.0,65.2,57.0,53.0,49.5,63.2
2023-05-01 18:28:00,58.6,60.7,66.0,64.2,67.0,53.0,55.0,64.0
2023-05-01 18:29:00,58.2,62.0,75.0,64.5,55.0,54.0,52.0,61.6
2023-05-01 18:30:00,59.4,63.7,68.0,64.2,53.0,55.0,48.0,63.2
2023-05-01 18:31:00,59.8,62.0,64.0,62.3,57.0,55.0,52.0,64.0
2023-05-01 18:32:00,58.5,63.7,66.5,64.2,57.0,63.0,50.5,64.3
2023-05-01 18:33:00,61.2,64.0,64.0,65.3,57.0,63.0,55.0,64.8
2023-05-01 18:34:00,57.2,61.5,64.0,64.4,55.0,60.0,50.3,64.0
2023-05-01 18:35:00,56.5,63.3,63.5,63.8,57.0,55.0,53.0,63.2
2023-05-01 18:36:00,58.0,64.7,61.0,64.2,57.0,54.0,50.0,63.7
2023-05-01 18:37:00,63.0,62.0,60.5,61.6,57.0,51.0,51.0,65.7
2023-05-01 18:38:00,57.0,61.0,63.5,63.6,55.0,51.0,49.0,63.1
2023-05-01 18:39:00,56.7,62.0,63.7,65.5,55.0,50.0,52.0,61.0
2023-05-01 18:40:00,57.5,61.0,62.0,64.1,57.0,48.0,50.0,64.3
2023-05-01 18:41:00,56.5,62.0,63.2,64.6,57.0,52.0,53.0,62.6
2023-05-01 18:42:00,58.2,63.0,63.0,63.4,57.0,52.0,51.0,62.8
2023-05-01 18:43:00,57.0,65.0,62.0,62.9,57.0,55.0,50.5,62.5
2023-05-01 18:44:00,60.0,61.3,63.2,64.0,65.0,55.0,47.5,62.0
2023-05-01 18:45:00,58.6,65.0,63.3,66.2,60.0,50.0,48.0,62.5
2023-05-01 18:46:00,61.2,67.0,62.0,63.8,57.0,53.0,48.0,63.9
2023-05-01 18:47:00,59.0,66.5,64.5,60.5,56.0,56.5,51.0,65.2
2023-05-01 18:48:00,55.7,64.5,64.5,63.0,55.0,51.0,48.5,63.4
2023-05-01 18:49:00,58.4,63.0,62.8,62.5,54.5,55.5,49.3,63.5
2023-05-01 18:50:00,59.7,61.3,64.8,61.7,55.5,51.0,50.0,62.5
2023-05-01 18:51:00,61.2,60.7,65.2,64.0,52.0,53.0,49.0,62.0
2023-05-01 18:52:00,59.7,60.3,61.0,67.0,54.0,51.0,51.0,60.5
2023-05-01 18:53:00,58.8,59.3,63.4,62.0,54.3,54.5,48.5,64.0
2023-05-01 18:54:00,58.2,60.0,62.2,63.0,54.0,61.0,47.0,62.0
2023-05-01 18:55:00,57.8,60.3,63.6,61.7,54.0,50.5,49.5,65.0
2023-05-01 18:56:00,58.5,57.7,63.0,61.8,55.2,66.0,48.5,65.0
2023-05-01 18:57:00,62.4,58.7,65.0,64.0,55.0,51.0,54.0,64.0
2023-05-01 18:58:00,59.8,59.7,63.2,61.0,55.0,50.0,47.5,63.5
2023-05-01 18:59:00,59.0,57.2,63.2,61.7,54.7,54.0,51.5,60.5
2023-05-01 19:00:00,56.8,58.3,62.5,61.7,55.0,58.0,49.5,61.5
2023-05-01 19:01:00,60.6,62.0,64.2,61.2,53.2,67.0,48.0,61.5
2023-05-01 19:02:00,57.0,60.5,65.6,62.2,54.8,58.0,50.5,63.5
2023-05-01 19:03:00,60.7,60.6,63.6,61.0,53.5,59.0,51.0,64.0
2023-05-01 19:04:00,55.8,63.8,62.8,63.3,54.0,68.0,50.0,61.7
2023-05-01 19:05:00,56.3,62.4,65.0,64.0,55.5,51.0,51.0,62.7
2023-05-01 19:06:00,57.5,61.2,62.5,65.5,57.0,53.0,48.0,57.0
2023-05-01 19:07:00,58.3,61.8,64.5,65.3,56.0,73.0,48.5,61.7
2023-05-01 19:08:00,56.7,61.6,65.5,65.0,52.7,71.0,51.0,60.5
2023-05-01 19:09:00,57.0,60.2,63.5,62.8,55.3,56.0,51.0,59.0
2023-05-01 19:10:00,53.0,59.2,60.0,63.0,56.0,64.0,56.0,61.0
2023-05-01 19:11:00,57.7,62.8,65.0,63.2,50.0,53.5,57.0,64.5
2023-05-01 19:12:00,54.3,61.0,63.5,65.7,56.0,57.0,56.0,62.0
2023-05-01 19:13:00,53.7,62.0,63.3,63.3,54.0,53.0,50.0,61.0
2023-05-01 19:14:00,55.5,60.2,64.4,67.5,57.0,51.0,50.0,62.5
2023-05-01 19:15:00,54.4,61.8,63.1,66.8,57.0,50.0,52.0,61.0
2023-05-01 19:16:00,57.0,60.4,63.0,64.0,55.0,51.0,49.5,63.0
2023-05-01 19:17:00,56.2,60.0,63.4,63.0,55.0,50.5,49.0,64.0
2023-05-01 19:18:00,57.8,59.2,63.5,61.0,64.0,50.0,53.5,62.5
2023-05-01 19:19:00,55.8,59.4,61.4,60.0,55.0,51.0,51.0,61.0
2023-05-01 19:20:00,55.0,58.8,62.6,59.0,56.5,51.0,51.7,65.0
2023-05-01 19:21:00,57.8,61.4,62.4,62.0,57.2,51.0,51.0,66.0
2023-05-01 19:22:00,53.8,62.7,64.5,57.5,57.5,49.5,50.0,63.3
2023-05-01 19:23:00,57.2,62.3,64.0,60.0,56.5,50.0,55.0,60.3
2023-05-01 19:24:00,56.0,62.3,64.0,64.0,55.4,53.5,56.0,67.5
2023-05-01 19:25:00,58.0,61.0,62.0,59.5,56.2,55.5,54.5,67.0
2023-05-01 19:26:00,58.0,61.4,64.5,61.0,56.5,53.0,48.5,61.5
2023-05-01 19:27:00,58.0,63.6,63.2,66.7,55.3,51.8,52.0,60.5
2023-05-01 19:28:00,58.0,61.8,62.5,63.0,55.5,49.5,54.0,64.0
2023-05-01 19:29:00,51.0,62.8,62.2,61.7,55.0,49.5,54.0,63.5
2023-05-01 19:30:00,51.0,62.5,64.0,66.7,54.9,49.0,54.0,66.0
2023-05-01 19:31:00,51.0,63.2,61.6,65.0,55.8,53.7,54.0,66.0
2023-05-01 19:32:00,62.0,58.5,62.2,63.0,55.8,52.3,54.0,63.0
2023-05-01 19:33:00,52.0,60.0,65.3,65.5,54.8,50.0,54.0,62.3
2023-05-01 19:34:00,57.0,60.7,61.0,66.5,55.2,50.2,50.0,61.2
2023-05-01 19:35:00,58.3,56.2,63.2,61.5,54.6,50.8,50.0,59.8
2023-05-01 19:36:00,56.0,58.2,64.0,61.5,56.0,49.0,50.0,61.5
2023-05-01 19:37:00,54.5,58.2,62.7,64.0,55.0,47.5,50.0,60.5
2023-05-01 19:38:00,52.0,56.5,64.3,67.0,56.8,50.5,50.0,60.5
2023-05-01 19:39:00,59.4,58.6,65.7,68.5,54.6,50.0,50.0,58.5
2023-05-01 19:40:00,57.4,59.2,61.7,63.7,54.4,50.0,47.0,61.0
2023-05-01 19:41:00,55.0,58.0,65.0,58.7,54.3,51.5,51.0,60.5
2023-05-01 19:42:00,56.2,59.1,64.3,62.3,56.7,51.0,49.0,63.0
2023-05-01 19:43:00,54.2,60.2,62.7,60.7,54.0,47.0,46.0,60.8
2023-05-01 19:44:00,56.3,59.4,68.0,59.7,52.7,49.0,49.0,64.0
2023-05-01 19:45:00,53.8,60.2,63.7,61.7,54.5,47.0,46.0,62.2
2023-05-01 19:46:00,54.0,63.3,63.7,60.0,55.0,48.0,47.0,60.2
2023-05-01 19:47:00,51.8,59.6,63.0,61.2,53.4,48.0,46.0,61.7
2023-05-01 19:48:00,53.8,60.6,62.3,63.0,55.2,48.0,46.0,63.2
2023-05-01 19:49:00,53.4,59.2,64.3,63.3,54.5,48.0,46.0,62.3
2023-05-01 19:50:00,52.7,58.8,61.0,62.5,57.4,48.0,46.0,62.2
2023-05-01 19:51:00,52.3,60.4,62.5,61.7,56.0,48.0,46.0,62.4
2023-05-01 19:52:00,51.6,58.3,61.0,61.0,54.2,48.0,46.0,59.4
2023-05-01 19:53:00,53.3,58.2,62.2,63.3,54.0,56.0,46.0,61.2
2023-05-01 19:54:00,57.7,59.9,62.6,61.2,53.8,56.0,46.0,62.2
2023-05-01 19:55:00,53.2,57.7,60.8,62.0,54.3,56.0,46.0,60.3
2023-05-01 19:56:00,51.2,56.2,61.0,61.2,54.3,56.0,46.0,61.5
2023-05-01 19:57:00,53.8,59.0,62.5,58.0,53.7,56.0,46.0,61.6
2023-05-01 19:58:00,52.7,58.0,61.2,60.0,53.5,56.0,46.0,61.6
2023-05-01 19:59:00,56.7,56.7,60.4,61.5,54.3,56.0,51.0,62.5
2023-05-01 20:00:00,56.3,56.5,63.2,61.5,54.0,57.0,51.0,62.5
2023-05-01 20:01:00,53.0,55.0,62.2,61.7,54.4,54.0,51.0,63.0
2023-05-01 20:02:00,56.0,57.7,60.4,61.3,54.4,48.0,51.0,62.0
2023-05-01 20:03:00,60.0,59.0,62.0,63.3,53.8,52.0,51.0,58.8
2023-05-01 20:04:00,54.0,58.2,59.8,62.0,57.2,50.0,51.0,61.2
2023-05-01 20:05:00,56.7,60.0,61.7,63.0,55.5,54.0,51.0,60.0
2023-05-01 20:06:00,55.0,59.2,60.5,61.3,55.8,54.5,51.0,60.4
2023-05-01 20:07:00,60.0,56.8,60.2,63.5,53.2,51.0,51.0,62.2
2023-05-01 20:08:00,54.5,58.0,61.8,64.0,54.5,49.0,51.0,61.6
2023-05-01 20:09:00,54.0,59.7,60.2,64.3,53.0,60.0,51.0,60.4
2023-05-01 20:10:00,57.0,57.0,59.2,60.8,53.0,60.0,50.0,59.0
2023-05-01 20:11:00,53.0,58.6,60.2,62.4,54.0,47.0,50.0,58.4
2023-05-01 20:12:00,63.0,59.0,60.8,62.0,54.2,55.0,48.0,59.8
2023-05-01 20:13:00,60.0,59.1,59.4,61.8,56.0,52.0,51.0,59.8
2023-05-01 20:14:00,57.0,59.3,60.6,62.2,54.0,48.0,48.0,62.5
2023-05-01 20:15:00,57.0,59.2,60.0,62.2,54.8,48.0,46.0,62.0
2023-05-01 20:16:00,54.0,57.3,58.3,62.6,53.8,51.0,47.0,60.5
2023-05-01 20:17:00,54.0,59.2,61.4,63.0,52.5,53.0,53.0,59.7
2023-05-01 20:18:00,55.0,57.8,59.8,63.5,54.2,57.0,45.5,61.7
2023-05-01 20:19:00,55.0,57.8,59.2,60.5,53.8,53.0,48.5,59.3
2023-05-01 20:20:00,52.0,60.0,61.2,61.0,52.5,49.3,49.5,61.0
2023-05-01 20:21:00,52.0,59.7,59.8,66.5,53.5,50.3,48.5,63.0
2023-05-01 20:22:00,52.0,59.0,60.8,59.5,53.5,49.7,47.5,58.0
2023-05-01 20:23:00,54.0,59.0,62.3,61.5,54.2,51.3,48.0,59.0
2023-05-01 20:24:00,55.0,56.5,59.3,63.0,53.3,49.7,49.0,64.0
2023-05-01 20:25:00,51.0,62.0,59.3,64.0,50.5,48.3,46.5,58.0
2023-05-01 20:26:00,52.5,62.5,60.0,75.0,57.0,48.5,50.3,59.0
2023-05-01 20:27:00,56.0,62.5,60.0,64.0,53.0,48.0,47.7,61.0
2023-05-01 20:28:00,53.0,62.0,58.3,66.5,51.0,53.0,47.3,61.0
2023-05-01 20:29:00,54.5,62.0,60.6,64.7,55.0,47.0,47.5,62.5
2023-05-01 20:30:00,52.3,62.0,61.0,62.0,55.0,47.0,47.5,59.3
2023-05-01 20:31:00,52.7,58.5,57.4,61.0,55.0,46.0,46.5,62.3
2023-05-01 20:32:00,55.0,58.5,61.4,60.6,54.0,46.0,46.5,60.0
2023-05-01 20:33:00,48.3,58.5,61.4,63.6,52.0,47.5,47.5,62.3
2023-05-01 20:34:00,56.0,61.0,58.5,62.4,55.5,50.0,48.5,61.5
2023-05-01 20:35:00,49.0,57.5,60.9,60.2,54.5,47.0,45.0,60.5
2023-05-01 20:36:00,48.0,59.0,60.5,60.3,56.5,46.5,45.0,60.0
2023-05-01 20:37:00,52.3,57.0,58.3,58.6,57.0,47.0,46.0,63.0
2023-05-01 20:38:00,50.0,56.5,60.3,58.2,54.5,48.0,47.0,64.0
2023-05-01 20:39:00,51.0,58.3,61.0,60.7,54.5,47.5,46.0,62.3
2023-05-01 20:40:00,48.7,58.0,58.6,59.0,56.0,54.0,47.0,61.2
2023-05-01 20:41:00,52.7,56.5,61.0,60.2,53.0,47.0,47.0,61.8
2023-05-01 20:42:00,49.7,61.5,60.6,60.8,53.7,47.0,46.0,61.5
2023-05-01 20:43:00,52.0,55.0,58.5,59.0,51.7,48.0,47.0,60.0
2023-05-01 20:44:00,51.5,56.0,60.3,59.6,54.3,47.0,46.0,61.2
2023-05-01 20:45:00,50.3,55.0,61.2,60.0,54.3,47.0,46.0,59.6
2023-05-01 20:46:00,52.2,58.0,57.2,59.7,52.0,53.3,45.0,59.2
2023-05-01 20:47:00,50.8,58.0,58.8,59.8,53.8,49.0,45.0,60.0
2023-05-01 20:48:00,53.5,59.0,60.8,61.0,53.7,49.3,45.0,60.0
2023-05-01 20:49:00,54.0,59.0,57.7,57.5,55.2,47.0,46.5,61.0
2023-05-01 20:50:00,53.5,60.0,60.2,58.8,52.0,46.7,45.5,58.5
2023-05-01 20:51:00,52.0,60.0,62.0,58.8,52.8,49.0,48.5,59.8
2023-05-01 20:52:00,49.8,62.0,60.5,58.2,53.0,47.5,48.5,58.5
2023-05-01 20:53:00,52.4,64.0,60.0,59.0,51.2,50.5,52.5,63.5
2023-05-01 20:54:00,51.0,58.0,63.0,59.2,54.8,59.0,47.5,58.5
2023-05-01 20:55:00,51.3,59.0,60.5,57.3,54.2,49.0,46.0,63.7
2023-05-01 20:56:00,49.3,58.7,59.0,58.3,52.0,48.0,48.0,58.7
2023-05-01 20:57:00,51.7,58.3,58.7,59.3,52.8,57.0,55.0,59.0
2023-05-01 20:58:00,51.3,57.8,57.7,57.3,53.2,48.0,48.0,60.0
2023-05-01 20:59:00,48.0,59.7,60.8,60.3,54.3,55.0,48.0,57.3
2023-05-01 21:00:00,54.5,58.8,58.0,59.7,56.3,49.0,48.0,60.0
2023-05-01 21:01:00,57.0,59.7,59.2,58.0,52.5,47.0,48.0,61.0
2023-05-01 21:02:00,53.0,59.7,59.5,59.5,50.5,48.0,48.0,58.2
2023-05-01 21:03:00,51.0,59.7,59.9,56.5,53.5,50.0,48.0,58.5
2023-05-01 21:04:00,56.0,56.3,58.8,59.0,53.0,46.5,48.0,59.2
2023-05-01 21:05:00,56.0,57.3,60.4,60.3,55.0,46.5,45.0,58.2
2023-05-01 21:06:00,48.5,58.5,59.4,59.8,54.0,50.0,45.0,57.4
2023-05-01 21:07:00,52.7,56.5,58.0,61.5,49.0,47.0,45.0,59.0
2023-05-01 21:08:00,56.3,59.0,59.5,62.2,55.0,54.0,45.0,60.2
2023-05-01 21:09:00,52.7,56.0,58.4,60.8,50.0,49.0,46.0,58.2
2023-05-01 21:10:00,53.7,57.0,58.8,59.8,51.5,48.0,46.0,58.2
2023-05-01 21:11:00,54.0,58.0,58.2,58.8,54.0,48.0,46.0,56.0
2023-05-01 21:12:00,50.2,59.0,58.2,61.6,52.5,47.5,46.0,60.2
2023-05-01 21:13:00,52.5,57.2,58.0,59.8,52.5,47.0,46.0,56.2
2023-05-01 21:14:00,51.2,57.2,55.7,60.0,52.0,47.5,46.0,59.0
2023-05-01 21:15:00,55.0,56.5,58.0,61.0,52.0,47.5,46.0,58.0
2023-05-01 21:16:00,49.5,59.5,56.0,64.5,53.0,47.0,45.0,58.0
2023-05-01 21:17:00,52.5,59.7,58.0,60.5,54.0,46.5,45.0,56.0
2023-05-01 21:18:00,55.5,57.0,60.0,62.7,53.0,46.0,46.0,54.0
2023-05-01 21:19:00,54.5,58.7,57.8,60.8,59.0,46.0,45.5,54.0
2023-05-01 21:20:00,55.7,58.8,58.4,60.4,59.0,48.0,45.5,62.5
2023-05-01 21:21:00,51.5,56.2,57.8,61.4,59.0,46.0,45.5,58.7
2023-05-01 21:22:00,51.5,58.0,60.0,62.6,59.0,48.0,45.5,59.7
2023-05-01 21:23:00,48.5,57.0,60.6,60.8,51.0,47.5,45.5,60.7
2023-05-01 21:24:00,50.5,56.5,59.0,60.8,51.0,47.5,45.0,57.8
2023-05-01 21:25:00,52.5,55.2,56.3,59.8,51.0,48.0,44.0,58.0
2023-05-01 21:26:00,52.0,56.5,58.2,59.5,54.0,46.5,45.0,57.3
2023-05-01 21:27:00,53.5,58.2,56.2,60.5,54.0,49.0,45.5,60.2
2023-05-01 21:28:00,51.5,57.5,60.5,60.5,50.0,49.0,45.0,57.8
2023-05-01 21:29:00,54.0,56.5,60.2,61.5,53.0,47.7,45.0,58.2
2023-05-01 21:30:00,52.5,57.0,61.8,60.3,53.0,47.2,45.0,58.0
2023-05-01 21:31:00,51.0,56.5,62.5,60.0,53.0,47.3,45.5,58.0
2023-05-01 21:32:00,49.7,55.7,59.0,61.0,48.0,50.0,46.0,56.7
2023-05-01 21:33:00,49.3,58.0,55.5,59.3,53.0,47.5,44.5,57.0
2023-05-01 21:34:00,51.2,63.0,58.5,61.0,50.0,54.0,44.5,62.0
2023-05-01 21:35:00,52.2,56.0,60.8,60.0,51.0,47.0,44.5,59.0
2023-05-01 21:36:00,51.2,56.0,64.2,62.7,51.0,46.5,46.0,54.0
2023-05-01 21:37:00,48.7,57.0,61.8,62.0,50.5,47.5,46.0,59.0
2023-05-01 21:38:00,50.3,56.0,59.0,60.7,56.0,49.5,46.0,57.0
2023-05-01 21:39:00,54.0,55.5,58.5,61.0,50.0,48.0,46.0,56.0
2023-05-01 21:40:00,51.5,57.5,54.5,60.0,53.0,46.0,46.0,59.0
2023-05-01 21:41:00,54.0,56.5,58.8,58.3,49.7,46.0,46.0,58.3
2023-05-01 21:42:00,51.0,58.3,61.2,58.0,51.3,46.0,46.0,57.7
2023-05-01 21:43:00,52.0,58.0,61.2,63.5,53.3,46.0,46.0,59.3
2023-05-01 21:44:00,50.0,60.5,58.2,60.5,51.7,46.0,46.0,58.7
2023-05-01 21:45:00,49.0,59.0,56.6,59.8,52.0,49.0,46.0,57.8
2023-05-01 21:46:00,54.0,59.3,57.4,60.0,52.0,49.0,46.0,59.0
2023-05-01 21:47:00,51.0,60.3,57.4,60.3,51.2,49.0,46.0,61.2
2023-05-01 21:48:00,47.0,59.0,58.8,60.0,53.3,49.0,45.0,59.8
2023-05-01 21:49:00,54.0,57.2,59.6,56.5,51.3,49.0,45.0,60.3
2023-05-01 21:50:00,54.3,59.2,58.4,58.5,50.7,47.0,45.0,57.0
2023-05-01 21:51:00,46.3,56.3,58.0,58.5,52.0,48.0,45.0,57.0
2023-05-01 21:52:00,50.0,57.3,56.2,59.5,52.8,48.5,45.0,57.2
2023-05-01 21:53:00,54.0,57.8,57.2,59.0,51.5,48.0,45.0,60.4
2023-05-01 21:54:00,53.0,59.0,58.7,58.0,51.4,47.0,45.0,58.0
2023-05-01 21:55:00,54.0,58.4,58.5,57.0,50.5,47.5,45.0,57.6
2023-05-01 21:56:00,52.0,57.3,60.7,56.0,50.7,46.5,45.0,57.2
2023-05-01 21:57:00,51.0,58.2,62.7,62.0,53.5,48.5,45.0,56.5
2023-05-01 21:58:00,48.0,58.0,58.7,60.0,51.8,49.0,45.0,57.8
2023-05-01 21:59:00,49.0,57.0,59.5,58.0,51.4,47.0,45.0,59.8
2023-05-01 22:00:00,54.0,56.5,58.3,58.0,54.5,47.0,44.0,59.2
2023-05-01 22:01:00,54.5,57.0,57.0,58.0,52.0,48.0,45.0,58.0
2023-05-01 22:02:00,49.5,57.2,59.0,58.7,52.2,48.0,45.0,56.8
2023-05-01 22:03:00,54.0,58.6,60.5,60.0,52.8,49.7,48.0,57.8
2023-05-01 22:04:00,53.5,57.6,63.0,58.8,52.2,49.0,45.0,56.4
2023-05-01 22:05:00,54.5,57.8,59.3,58.8,53.5,47.7,45.0,57.2
2023-05-01 22:06:00,54.0,58.4,61.3,59.2,53.4,48.0,46.0,56.6
2023-05-01 22:07:00,54.5,58.8,59.3,60.5,49.6,48.0,52.0,57.8
2023-05-01 22:08:00,52.0,56.8,57.7,57.3,55.7,47.7,45.5,57.6
2023-05-01 22:09:00,49.5,56.2,56.7,56.7,54.8,46.5,44.5,56.0
2023-05-01 22:10:00,54.0,56.6,59.7,59.3,55.5,46.0,45.0,56.6
2023-05-01 22:11:00,50.0,58.2,61.3,58.3,50.2,46.0,45.5,57.2
2023-05-01 22:12:00,47.0,56.8,62.0,57.0,51.5,46.0,45.5,59.0
2023-05-01 22:13:00,49.0,60.2,59.2,56.3,52.2,46.0,44.5,55.5
2023-05-01 22:14:00,54.0,56.0,55.0,55.5,52.0,46.0,44.5,58.0
2023-05-01 22:15:00,51.5,56.3,58.0,58.5,51.3,46.0,45.3,58.0
2023-05-01 22:16:00,54.0,57.3,62.0,59.0,53.0,46.0,45.7,58.5
2023-05-01 22:17:00,50.5,58.0,62.5,58.0,52.0,46.0,45.0,59.5
2023-05-01 22:18:00,53.0,56.3,64.0,58.8,52.3,46.0,46.0,56.0
2023-05-01 22:19:00,53.0,59.0,61.0,58.7,52.8,47.0,45.0,55.0
2023-05-01 22:20:00,54.0,57.0,57.3,57.0,52.8,49.0,47.0,60.0
2023-05-01 22:21:00,51.5,56.5,58.0,59.0,53.2,47.7,45.0,57.3
2023-05-01 22:22:00,50.0,57.0,59.7,56.0,50.0,46.3,51.0,55.7
2023-05-01 22:23:00,51.0,58.0,62.7,57.0,53.0,46.0,45.0,56.2
2023-05-01 22:24:00,49.5,58.7,61.0,56.0,52.6,46.7,45.0,54.3
2023-05-01 22:25:00,54.0,60.0,62.0,56.3,52.4,46.3,45.0,53.0
2023-05-01 22:26:00,50.0,58.3,59.2,56.0,52.5,46.0,46.0,56.7
2023-05-01 22:27:00,52.5,56.0,57.8,59.7,53.3,47.5,45.0,59.0
2023-05-01 22:28:00,53.0,59.5,60.5,55.5,51.8,46.5,46.3,58.5
2023-05-01 22:29:00,58.0,60.5,61.2,57.0,50.8,46.0,46.2,59.2
2023-05-01 22:30:00,53.5,60.5,62.0,57.0,51.3,46.0,45.2,56.2
2023-05-01 22:31:00,51.0,60.5,58.3,54.7,52.2,46.0,45.0,55.0
2023-05-01 22:32:00,51.0,60.0,57.0,55.7,51.0,46.0,45.2,57.5
2023-05-01 22:33:00,51.0,59.0,56.2,56.3,51.7,46.5,45.5,56.8
2023-05-01 22:34:00,51.0,61.0,58.8,58.7,51.7,46.0,45.2,58.2
2023-05-01 22:35:00,51.0,59.0,60.8,56.3,51.5,46.0,45.0,58.8
2023-05-01 22:36:00,63.0,57.5,62.0,58.7,49.5,46.5,45.5,55.8
2023-05-01 22:37:00,63.0,58.8,57.8,57.5,52.7,47.0,45.0,53.7
2023-05-01 22:38:00,62.0,56.5,56.6,57.0,50.0,46.5,44.0,52.3
2023-05-01 22:39:00,63.0,57.8,58.0,58.0,53.8,46.0,44.0,55.3
2023-05-01 22:40:00,62.0,57.8,56.8,54.5,52.0,46.5,45.0,60.5
2023-05-01 22:41:00,63.0,57.2,59.4,57.5,51.5,46.0,45.0,60.5
2023-05-01 22:42:00,62.0,57.3,58.8,59.0,54.7,47.0,45.0,56.5
2023-05-01 22:43:00,62.5,56.0,55.7,58.0,51.0,47.0,44.5,54.0
2023-05-01 22:44:00,62.5,53.0,56.5,56.0,52.0,46.5,45.0,54.0
2023-05-01 22:45:00,63.5,53.0,59.0,59.3,52.0,47.5,44.5,50.5
2023-05-01 22:46:00,63.0,53.0,56.0,58.3,48.5,46.5,44.3,57.0
2023-05-01 22:47:00,62.0,53.0,59.3,60.5,50.0,47.0,45.5,57.5
2023-05-01 22:48:00,62.5,53.0,61.3,59.0,50.0,47.0,45.0,57.5
2023-05-01 22:49:00,63.0,55.0,57.0,59.7,52.5,47.0,45.8,55.0
2023-05-01 22:50:00,62.3,55.0,57.5,57.3,55.0,47.0,45.5,51.5
2023-05-01 22:51:00,62.0,55.0,58.0,57.7,55.7,46.5,45.0,58.0
2023-05-01 22:52:00,62.7,55.0,57.2,58.3,53.3,46.0,44.7,55.0
2023-05-01 22:53:00,63.0,55.0,58.6,59.3,53.3,47.0,44.7,57.0
2023-05-01 22:54:00,62.7,55.0,59.4,61.0,54.7,47.3,44.8,58.0
2023-05-01 22:55:00,63.0,57.0,59.5,58.0,55.0,47.0,45.0,59.0
2023-05-01 22:56:00,63.3,59.0,59.2,60.0,55.0,47.3,44.8,58.0
2023-05-01 22:57:00,63.3,58.8,61.6,56.0,59.0,46.7,45.3,56.0
2023-05-01 22:58:00,62.3,60.0,61.8,58.0,54.0,46.7,44.7,58.0
2023-05-01 22:59:00,63.0,58.0,62.0,54.0,51.0,47.0,45.3,54.0
2023-05-01 23:00:00,62.5,56.2,59.7,58.0,53.0,47.2,45.7,55.0
2023-05-01 23:01:00,63.0,55.5,63.7,61.0,54.0,47.2,44.8,58.5
2023-05-01 23:02:00,63.7,57.8,58.7,56.0,52.0,47.2,44.8,58.0
2023-05-01 23:03:00,62.3,57.5,61.5,58.0,48.0,48.0,45.8,58.0
2023-05-01 23:04:00,62.7,57.8,62.0,56.0,51.0,47.3,45.2,56.0
2023-05-01 23:05:00,64.0,57.0,61.5,59.0,48.0,49.0,46.0,51.0
2023-05-01 23:06:00,62.7,57.5,62.5,61.0,49.0,48.7,45.5,55.0
2023-05-01 23:07:00,63.0,55.8,63.0,58.5,49.0,47.3,45.2,59.5
2023-05-01 23:08:00,63.3,54.8,62.0,57.7,49.0,49.0,45.5,54.5
2023-05-01 23:09:00,63.7,58.2,61.0,60.0,48.5,47.3,45.0,60.0
2023-05-01 23:10:00,63.0,56.8,60.0,58.7,50.0,46.5,44.7,63.0
2023-05-01 23:11:00,64.0,57.0,60.5,59.0,52.0,46.7,44.0,62.5
2023-05-01 23:12:00,64.0,55.6,59.0,59.3,50.0,46.3,45.7,58.7
2023-05-01 23:13:00,63.5,54.8,59.0,60.7,51.0,48.5,44.0,58.5
2023-05-01 23:14:00,63.5,54.3,61.0,58.2,50.0,48.0,45.0,60.7
2023-05-01 23:15:00,63.3,54.5,58.8,57.8,48.0,46.5,45.0,58.7
2023-05-01 23:16:00,63.7,56.0,59.4,57.4,49.5,46.5,45.0,56.7
2023-05-01 23:17:00,64.0,57.5,61.6,60.0,46.0,47.5,44.3,48.0
2023-05-01 23:18:00,64.2,59.5,59.6,58.4,48.0,49.5,44.8,56.5
2023-05-01 23:19:00,64.5,56.5,58.8,59.8,48.0,47.0,45.0,54.3
2023-05-01 23:20:00,63.4,58.3,60.4,60.2,48.0,47.3,44.8,56.7
2023-05-01 23:21:00,63.0,58.0,62.0,58.3,48.0,46.5,45.5,56.5
2023-05-01 23:22:00,63.0,57.0,58.2,59.1,52.0,49.0,47.8,57.3
2023-05-01 23:23:00,63.0,57.0,59.7,56.6,52.0,47.5,44.2,53.7
2023-05-01 23:24:00,62.8,56.7,58.3,56.4,52.0,46.0,46.2,52.5
2023-05-01 23:25:00,63.0,56.3,56.3,54.8,53.0,49.0,46.4,52.5
2023-05-01 23:26:00,63.5,55.3,57.0,54.5,51.0,46.5,45.2,52.2
2023-05-01 23:27:00,63.2,56.3,60.0,57.0,49.0,47.0,45.0,53.6
2023-05-01 23:28:00,63.8,55.0,61.0,57.2,57.0,46.5,46.0,56.2
2023-05-01 23:29:00,63.6,55.7,57.5,57.0,50.5,46.5,45.0,56.5
2023-05-01 23:30:00,63.2,56.0,58.7,57.7,50.0,49.0,51.0,54.4
2023-05-01 23:31:00,63.8,54.5,60.0,57.7,52.0,49.0,46.0,51.5
2023-05-01 23:32:00,63.8,56.3,58.5,57.7,51.5,49.0,46.0,54.3
2023-05-01 23:33:00,63.5,56.3,57.0,57.0,51.5,49.0,45.0,54.7
2023-05-01 23:34:00,63.7,61.0,57.0,56.0,50.0,49.0,45.0,53.5
2023-05-01 23:35:00,64.0,56.8,58.3,55.7,50.5,49.0,44.0,54.0
2023-05-01 23:36:00,63.8,57.2,57.5,58.7,51.5,47.0,44.0,56.2
2023-05-01 23:37:00,63.5,57.5,59.2,57.7,51.8,47.0,44.0,53.0
2023-05-01 23:38:00,63.5,56.5,57.2,55.3,50.0,47.0,45.0,53.7
2023-05-01 23:39:00,63.7,58.0,56.3,56.7,51.2,47.0,48.5,53.3
2023-05-01 23:40:00,63.6,58.0,53.7,57.7,50.0,47.0,47.0,53.0
2023-05-01 23:41:00,63.8,57.4,57.3,59.0,50.8,47.0,45.5,55.6
2023-05-01 23:42:00,63.6,56.0,57.7,59.0,50.4,46.0,46.0,52.8
2023-05-01 23:43:00,64.0,56.4,58.5,58.5,50.6,46.0,45.5,52.8
2023-05-01 23:44:00,63.7,54.7,55.0,56.3,50.0,46.0,45.5,51.3
2023-05-01 23:45:00,63.8,56.0,57.3,57.3,50.5,45.0,45.0,50.7
2023-05-01 23:46:00,63.8,54.8,56.0,56.5,50.0,47.0,45.0,54.3
2023-05-01 23:47:00,63.8,56.2,57.3,57.5,48.5,46.0,45.0,54.3
2023-05-01 23:48:00,64.5,55.8,58.0,54.8,49.5,46.0,45.0,55.0
2023-05-01 23:49:00,64.0,56.0,55.7,55.8,52.3,46.0,44.5,50.8
2023-05-01 23:50:00,63.8,55.3,55.3,55.8,52.3,46.0,44.5,52.0
2023-05-01 23:51:00,63.6,55.8,56.7,55.8,55.0,47.0,45.0,51.0
2023-05-01 23:52:00,64.0,57.2,55.7,56.0,55.5,47.0,45.0,53.3
2023-05-01 23:53:00,63.2,56.2,54.3,55.8,56.5,47.0,45.0,58.7
2023-05-01 23:54:00,63.7,54.7,55.0,56.5,57.0,46.0,45.0,53.5
2023-05-01 23:55:00,63.8,54.8,55.3,54.0,53.0,46.0,44.5,52.0
2023-05-01 23:56:00,63.8,56.2,56.0,54.0,55.0,46.0,49.0,55.0
2023-05-01 23:57:00,63.6,55.0,56.0,54.7,54.3,47.0,49.0,54.5
2023-05-01 23:58:00,63.6,56.0,57.7,55.5,55.5,46.0,49.0,54.0
2023-05-01 23:59:00,63.8,56.8,55.8,56.5,58.0,46.0,49.0,54.0
